STATE/UT,YEAR,MURDER,ATTEMPT TO MURDER,CULPABLE HOMICIDE NOT AMOUNTING TO MURDER,RAPE,CUSTODIAL RAPE,OTHER RAPE,KIDNAPPING & ABDUCTION,KIDNAPPING AND ABDUCTION OF WOMEN AND GIRLS,KIDNAPPING AND ABDUCTION OF OTHERS,DACOITY,PREPARATION AND ASSEMBLY FOR DACOITY,ROBBERY,BURGLARY,THEFT,AUTO THEFT,OTHER THEFT,RIOTS,CRIMINAL BREACH OF TRUST,CHEATING,COUNTERFIETING,ARSON,HURT/GREVIOUS HURT,DOWRY DEATHS,ASSAULT ON WOMEN WITH INTENT TO OUTRAGE HER MODESTY,INSULT TO MODESTY OF WOMEN,CRUELTY BY HUSBAND OR HIS RELATIVES,IMPORTATION OF GIRLS FROM FOREIGN COUNTRIES,CAUSING DEATH BY NEGLIGENCE,OTHER IPC CRIMES,TOTAL IPC CRIMES,STATE/UT,Year, LITERACY RATE %   (Male), LITERACY RATE % Female, LITERACY RATE %  Average,Area(km2),Population Male,Population Female,Population Total,Rural,Urban,predicted population increase rate  for next year,predicted literacy increase rate for next year
ANDHRA PRADESH,2001,2602,1555,136,871,0,871,1182,765,417,214,9,629,7220,16751,3051,13700,3001,788,5391,144,872,34947,420,3544,2271,5791,7,7400,34344,130089,ANDHRA PRADESH,2001,70.3,50.4,60.50,191792.00,38286811.00,37440730.00,76210007.00,55401067.00,20808940.00,1.79,1.37
ANDHRA PRADESH,2002,2525,1644,165,1002,0,1002,1302,854,448,197,3,648,7628,19222,3544,15678,2140,1050,6733,155,991,39839,449,3799,2024,7018,0,8691,36385,143610,ANDHRA PRADESH,2002,71.26,51.09,61.33,191792.00,38972144.92,38110919.07,77574166.13,56392746.10,21181420.03,1.74,1.36
ANDHRA PRADESH,2003,2667,1678,147,946,0,946,1485,931,554,176,5,660,9050,23408,4521,18887,2328,1099,7581,318,1049,41545,466,4128,2286,8167,5,8515,39242,156951,ANDHRA PRADESH,2003,72.23,51.79,62.16,191792.00,39650260.24,38774049.06,78923956.62,57373979.88,21549976.73,1.69,1.34
ANDHRA PRADESH,2004,2579,1908,163,1016,0,1016,1526,1030,496,199,2,596,8457,23578,5042,18536,2540,898,7928,175,915,43335,512,3817,2310,8388,2,11452,36460,158756,ANDHRA PRADESH,2004,73.20,52.48,63.00,191792.00,40320349.64,39429330.49,80257771.48,58343600.14,21914171.34,1.62,1.32
ANDHRA PRADESH,2005,2750,1724,111,935,1,934,1612,995,617,250,4,794,7954,23778,5465,18313,2026,948,7909,257,967,42179,443,3595,2508,8696,3,9973,37707,157123,ANDHRA PRADESH,2005,74.17,53.17,63.83,191792.00,40973539.30,40068085.64,81557947.38,59288766.46,22269180.92,1.54,1.31
ANDHRA PRADESH,2006,2766,1860,123,1049,1,1048,2030,1329,701,178,3,679,8304,23510,5313,18197,2916,1007,8363,324,1012,47946,519,4534,2411,9164,0,11489,43722,173909,ANDHRA PRADESH,2006,75.14,53.87,64.66,191792.00,41604531.81,40685134.16,82813939.77,60201813.47,22612126.30,1.54,1.29
ANDHRA PRADESH,2007,2665,1885,135,1070,0,1070,2097,1564,533,170,6,614,7677,24391,6183,18208,1998,869,8103,224,1176,46122,613,4406,3316,11335,0,12629,43586,175087,ANDHRA PRADESH,2007,76.11,54.56,65.50,191792.00,42245241.60,41311685.23,84089274.44,61128921.39,22960353.05,1.43,1.27
ANDHRA PRADESH,2008,2690,1942,165,1257,0,1257,1970,1396,574,110,11,623,8332,25362,7297,18065,1930,990,8393,379,1021,48167,556,4730,3551,10306,0,12861,43929,179275,ANDHRA PRADESH,2008,77.07,55.26,66.33,191792.00,42849348.55,41902442.33,85291751.07,62003064.97,23288686.10,1.40,1.26
ANDHRA PRADESH,2009,2449,1859,134,1188,0,1188,1958,1526,432,102,27,544,7772,24692,7804,16888,2261,904,8528,461,1039,44488,546,5147,3520,11297,0,13438,48087,180441,ANDHRA PRADESH,2009,78.04,55.95,67.17,191792.00,43449239.43,42489076.52,86485835.58,62871107.88,23614727.70,1.39,1.24
ANDHRA PRADESH,2010,2538,1953,155,1362,0,1362,2053,1531,522,134,2,550,8200,26756,7422,19334,2231,1130,9164,186,925,46777,588,4634,4562,12080,0,14085,41373,181438,ANDHRA PRADESH,2010,79.01,56.65,68.00,191792.00,44053183.86,43079674.68,87687988.70,63745016.28,23942972.42,1.37,1.23
ANDHRA PRADESH,2011,2808,2229,171,1442,0,1442,2154,1612,542,126,7,600,8300,28267,8966,19301,2210,1174,9748,224,1021,54452,599,4849,3658,13376,0,13973,38392,189780,ANDHRA PRADESH,2011,79.98,57.34,68.83,191792.00,44656712.48,43669866.22,88889314.14,64618323.00,24270991.14,1.34,1.23
ARUNACHAL PRADESH,2001,83,53,3,33,0,33,83,55,28,22,2,84,248,443,36,407,24,41,30,4,13,466,0,78,3,11,0,0,618,2342,ARUNACHAL PRADESH,2001,63.80,43.50,54.30,83743.00,573951.00,517166.00,1091117.00,870087.00,227881.00,,
ARUNACHAL PRADESH,2002,61,38,6,38,0,38,57,38,19,22,0,96,249,395,51,344,21,23,29,5,20,401,0,68,2,13,0,0,684,2228,ARUNACHAL PRADESH,2002,64.67,44.10,55.04,83743.00,584224.72,526423.27,1110647.99,885661.56,231960.07,,
ARUNACHAL PRADESH,2003,77,20,3,31,0,31,68,51,17,37,0,60,253,370,50,320,7,28,21,7,10,427,0,43,0,14,0,0,585,2061,ARUNACHAL PRADESH,2003,65.55,44.70,55.79,83743.00,594390.23,535583.04,1129973.27,901072.07,235996.18,,
ARUNACHAL PRADESH,2004,67,45,1,42,0,42,65,41,24,30,2,45,215,388,75,313,65,26,34,1,19,429,0,61,0,4,0,0,717,2256,ARUNACHAL PRADESH,2004,66.43,45.29,56.54,83743.00,604435.43,544634.39,1149069.82,916300.19,239984.51,,
ARUNACHAL PRADESH,2005,81,37,5,35,0,35,58,39,19,23,0,77,263,531,119,412,23,36,28,4,13,383,0,67,0,9,0,69,562,2304,ARUNACHAL PRADESH,2005,67.31,45.89,57.29,83743.00,614227.28,553457.47,1167684.75,931144.25,243872.26,,
ARUNACHAL PRADESH,2006,60,33,3,37,0,37,75,51,24,28,0,74,257,451,74,377,6,61,38,9,20,415,1,63,2,14,0,82,565,2294,ARUNACHAL PRADESH,2006,68.19,46.49,58.04,83743.00,623686.38,561980.71,1185667.09,945483.87,247627.89,,
ARUNACHAL PRADESH,2007,68,29,2,48,0,48,68,44,24,16,0,75,240,513,116,397,16,41,33,10,22,375,0,72,1,20,0,82,555,2286,ARUNACHAL PRADESH,2007,69.07,47.09,58.79,83743.00,632916.94,570298.03,1203214.97,959477.03,251292.79,,
ARUNACHAL PRADESH,2008,72,37,2,42,0,42,79,47,32,14,0,79,245,445,60,385,18,43,28,1,10,479,0,72,1,13,0,104,590,2374,ARUNACHAL PRADESH,2008,69.95,47.69,59.53,83743.00,641967.65,578453.29,1220420.94,973197.55,254886.27,,
ARUNACHAL PRADESH,2009,59,33,5,59,0,59,62,28,34,20,0,55,201,381,109,272,52,38,29,8,28,526,0,58,6,13,0,110,619,2362,ARUNACHAL PRADESH,2009,70.83,48.29,60.28,83743.00,650955.20,586551.63,1237506.83,986822.32,258454.68,,
ARUNACHAL PRADESH,2010,75,34,3,47,0,47,67,46,21,15,0,69,211,445,139,306,31,59,91,0,28,439,0,84,1,12,0,106,622,2439,ARUNACHAL PRADESH,2010,71.71,48.89,61.03,83743.00,660003.48,594704.70,1254708.18,1000539.15,262047.20,,
ARUNACHAL PRADESH,2011,65,29,2,42,0,42,93,60,33,13,0,64,183,414,152,262,49,54,74,2,34,379,0,51,0,18,0,98,622,2286,ARUNACHAL PRADESH,2011,72.59,49.49,61.78,83743.00,669045.52,602852.16,1271897.68,1014246.54,265637.25,,
ASSAM,2002,1253,479,55,970,0,970,1595,1276,319,473,18,607,2504,5555,496,5059,3014,558,719,57,438,4764,70,984,7,1694,0,1957,8575,36346,ASSAM,2002,72.28,55.35,64.17,78438.00,14034600.60,13080633.88,27132661.95,23631859.56,3500802.40,,
ASSAM,2003,1191,485,48,1095,0,1095,1628,1351,277,471,26,523,2606,5525,406,5119,3340,611,894,58,677,4952,60,878,6,1808,0,2086,9227,38195,ASSAM,2003,73.26,56.10,65.04,78438.00,14278802.65,13308236.91,27604770.27,24043053.91,3561716.36,,
ASSAM,2004,1214,410,63,1171,0,1171,1906,1552,354,360,31,505,2544,5866,685,5181,3615,586,865,57,379,5911,74,883,11,1945,0,2239,10040,40675,ASSAM,2004,74.24,56.85,65.91,78438.00,14520114.42,13533146.12,28071290.89,24449381.52,3621909.36,,
ASSAM,2005,1194,503,117,1238,0,1238,1751,1456,295,334,22,451,2255,6369,955,5414,2760,487,873,103,423,5906,99,899,19,2206,3,2695,11299,42006,ASSAM,2005,75.22,57.60,66.78,78438.00,14755340.27,13752383.08,28526045.80,24845461.50,3680584.30,,
ASSAM,2006,1207,414,32,1244,0,1244,1825,1544,281,319,12,544,2911,7820,1362,6458,2684,461,905,98,488,5290,105,1290,10,2548,0,3022,10444,43673,ASSAM,2006,76.21,58.36,67.66,78438.00,14982572.51,13964169.78,28965346.90,25228081.61,3737265.29,,
ASSAM,2007,1374,451,109,1437,0,1437,1971,1471,500,299,12,496,2603,7754,1982,5772,2601,653,895,115,380,5175,100,789,10,3000,0,2875,12183,45282,ASSAM,2007,77.19,59.11,68.53,78438.00,15204314.58,14170839.50,29394034.04,25601457.22,3792576.82,,
ASSAM,2008,1426,417,71,1438,0,1438,2239,1789,450,312,74,568,3147,8012,2101,5911,2600,680,996,91,443,6107,103,1272,2,3478,0,2259,17598,53333,ASSAM,2008,78.17,59.86,69.40,78438.00,15421736.28,14373482.50,29814368.73,25967558.06,3846810.67,,
ASSAM,2009,1323,417,35,1631,0,1631,2718,2092,626,251,21,680,3149,7644,1713,5931,1808,802,1098,84,476,6547,170,1342,10,4398,1,2735,17973,55313,ASSAM,2009,79.16,60.62,70.27,78438.00,15637640.59,14574711.26,30231769.89,26331103.87,3900666.02,,
ASSAM,2010,1223,431,46,1721,5,1716,3250,2767,483,248,12,662,3458,7860,2124,5736,2183,992,1371,68,437,5744,175,1400,20,5410,0,2847,22110,61668,ASSAM,2010,80.14,61.37,71.15,78438.00,15855003.80,14777299.74,30651991.49,26697106.21,3954885.28,,
ASSAM,2011,1303,504,48,1700,0,1700,3764,3192,572,305,4,837,3327,8309,585,7724,2328,920,1495,60,506,6306,121,1193,8,5246,2,2915,25513,66714,ASSAM,2011,81.12,62.12,72.02,78438.00,16072217.35,14979748.75,31071923.77,27062856.57,4009067.20,,
BIHAR,2001,3643,3419,250,888,0,888,2159,518,1641,1291,147,2203,3233,9701,1050,8651,8606,946,1659,85,502,7544,859,562,21,1558,83,2406,36667,88432,BIHAR,2001,59.70,33.10,47.00,94163.00,43153964.00,39724832.00,82998509.00,74316709.00,8681800.00,,
BIHAR,2002,3712,3526,396,1040,0,1040,2361,744,1617,1289,141,2288,3188,10145,1131,9014,8675,1215,1811,72,600,8770,927,621,6,1577,38,2497,39145,94040,BIHAR,2002,60.52,33.55,47.64,94163.00,43926419.96,40435906.49,84484182.31,75646978.09,8837204.22,,
BIHAR,2003,3771,3540,298,985,0,985,2427,674,1753,1221,120,2463,2986,10124,1357,8767,8029,1105,1947,92,669,8884,909,688,11,1880,37,2574,37503,92263,BIHAR,2003,61.34,34.01,48.29,94163.00,44690739.66,41139491.27,85954207.08,76963235.51,8990971.57,,
BIHAR,2004,3948,2995,280,1390,1,1389,3413,997,2416,1319,145,2986,3175,11113,2083,9030,9793,1701,2764,57,707,11231,1029,704,13,2679,35,2405,44178,108060,BIHAR,2004,62.16,34.47,48.94,94163.00,45446013.16,41834748.67,87406833.18,78263914.19,9142918.99,,
BIHAR,2005,3471,3307,259,1147,0,1147,2693,929,1764,1212,165,2374,3117,10812,2134,8678,7671,1181,1829,50,760,11939,1014,451,13,1574,74,2680,40057,97850,BIHAR,2005,62.98,34.92,49.58,94163.00,46182238.58,42512471.60,88822823.88,79531789.60,9291034.28,,
BIHAR,2006,3249,3303,326,1232,0,1232,2619,1084,1535,1001,140,2169,3531,11752,2023,9729,8259,1054,2171,97,785,12674,1188,530,53,1689,42,2860,39941,100665,BIHAR,2006,63.81,35.38,50.23,94163.00,46893445.05,43167163.66,90190695.37,80756579.16,9434116.21,,
BIHAR,2007,3034,3113,257,1555,0,1555,2530,1260,1270,686,78,1787,3259,11795,2392,9403,7962,1326,2358,79,865,16288,1172,853,12,1635,56,3789,44931,109420,BIHAR,2007,64.63,35.83,50.88,94163.00,47587468.04,43806037.68,91525517.66,81951776.53,9573741.13,,
BIHAR,2008,3139,2954,386,1302,0,1302,3047,1789,1258,686,60,1592,3414,13206,2675,10531,8099,1352,2741,69,772,16644,1210,999,21,1992,22,4592,54370,122669,BIHAR,2008,65.45,36.29,51.53,94163.00,48267968.83,44432464.02,92834332.56,83123686.94,9710645.63,,
BIHAR,2009,3152,3068,243,929,0,929,3222,1986,1236,654,64,1619,3566,15221,3674,11547,8554,1186,2676,69,685,14746,1295,726,12,2532,31,4516,54165,122931,BIHAR,2009,66.28,36.75,52.18,94163.00,48943720.39,45054518.52,94134013.22,84287418.55,9846594.67,,
BIHAR,2010,3362,2915,344,795,0,795,3674,2569,1105,644,46,1538,3437,15544,4257,11287,8809,1071,3025,52,660,15328,1257,534,16,2271,8,5615,56508,127453,BIHAR,2010,67.10,37.20,52.83,94163.00,49624038.11,45680776.32,95442476.00,85459013.67,9983462.33,,
BIHAR,2011,3198,3327,348,934,1,933,4268,3050,1218,556,105,1381,3629,16292,5041,11251,9768,1741,3776,64,705,19391,1413,790,11,2607,10,5877,55705,135896,BIHAR,2011,67.92,37.66,53.47,94163.00,50303887.43,46306602.96,96750037.92,86629802.16,10120235.77,,
CHANDIGARH,2001,15,10,6,18,0,18,56,50,6,5,0,22,364,1529,494,1035,91,26,155,2,5,95,3,24,15,36,0,6,914,3397,CHANDIGARH,2001,86.10,76.50,81.90,114.00,508224.00,392690.00,900635.00,92120.00,808515.00,,
CHANDIGARH,2002,31,35,7,18,0,18,54,47,7,1,1,26,336,1647,617,1030,78,35,181,5,5,107,1,36,28,56,0,7,1111,3806,CHANDIGARH,2002,87.28,77.55,83.02,114.00,517321.21,399719.15,916756.37,93768.95,822987.42,,
CHANDIGARH,2003,21,15,2,18,0,18,32,28,4,3,1,12,204,1238,552,686,46,32,209,2,4,71,1,11,4,93,0,8,779,2806,CHANDIGARH,2003,88.47,78.60,84.15,114.00,526322.60,406674.26,932707.93,95400.53,837307.40,,
CHANDIGARH,2004,22,19,10,19,0,19,54,43,11,0,2,6,186,1459,653,806,43,23,135,4,0,65,6,20,18,73,0,5,720,2889,CHANDIGARH,2004,89.65,79.66,85.28,114.00,535217.45,413547.06,948470.69,97012.80,851457.89,,
CHANDIGARH,2005,18,15,4,33,0,33,54,45,9,0,2,12,223,1373,579,794,43,41,161,0,1,57,3,31,9,75,0,9,969,3133,CHANDIGARH,2005,90.84,80.71,86.40,114.00,543887.97,420246.52,963835.92,98584.40,865251.51,,
CHANDIGARH,2006,12,21,8,19,0,19,65,57,8,1,3,34,189,1234,529,705,44,59,232,3,5,55,10,20,13,102,0,14,983,3126,CHANDIGARH,2006,92.03,81.76,87.54,114.00,552263.85,426718.32,978678.99,100102.60,878576.39,,
CHANDIGARH,2007,19,26,8,22,0,22,52,46,6,2,0,37,191,1740,853,887,79,38,170,2,9,78,1,32,11,112,0,15,999,3643,CHANDIGARH,2007,93.21,82.82,88.67,114.00,560437.35,433033.75,993163.44,101584.12,891579.32,,
CHANDIGARH,2008,17,28,6,20,0,20,50,42,8,1,4,23,257,1991,1094,897,85,37,213,0,2,73,3,19,2,49,0,11,1040,3931,CHANDIGARH,2008,94.40,83.87,89.79,114.00,568451.61,439226.13,1007365.68,103036.78,904328.90,,
CHANDIGARH,2009,22,18,8,29,0,29,40,36,4,4,3,27,241,1731,1117,614,66,38,193,4,4,63,2,26,2,51,0,7,976,3555,CHANDIGARH,2009,95.59,84.93,90.92,114.00,576409.93,445375.30,1021468.80,104479.29,916989.51,,
CHANDIGARH,2010,21,30,9,31,0,31,38,28,10,5,6,67,236,1481,898,583,65,23,163,3,9,65,5,29,4,41,0,6,1036,3373,CHANDIGARH,2010,96.77,85.98,92.05,114.00,584422.03,451566.01,1035667.21,105931.55,929735.66,,
CHANDIGARH,2011,24,40,6,27,0,27,58,46,12,6,2,68,285,1502,915,587,66,25,255,0,9,45,2,21,12,46,0,7,1036,3542,CHANDIGARH,2011,97.96,87.04,93.18,114.00,592428.61,457752.47,1049855.85,107382.81,942473.04,,
CHHATTISGARH,2002,844,453,24,992,0,992,178,154,24,144,6,326,3731,4302,889,3413,817,96,393,18,235,4484,85,1483,147,653,0,963,17576,37950,CHHATTISGARH,2002,78.46,52.61,65.59,135191.00,10639524.43,10528679.19,21206728.07,16946056.20,4260671.87,,
CHHATTISGARH,2003,776,513,51,898,0,898,177,149,28,140,14,331,3621,4170,922,3248,703,76,412,24,151,3653,79,1481,105,601,0,1158,19315,38449,CHHATTISGARH,2003,79.53,53.33,66.48,135191.00,10824652.15,10711878.20,21575725.14,17240917.58,4334807.56,,
CHHATTISGARH,2004,927,619,25,969,0,969,214,174,40,106,8,363,3720,5014,1316,3698,790,101,424,42,242,3899,71,1661,131,741,0,1717,20143,41927,CHHATTISGARH,2004,80.59,54.04,67.37,135191.00,11007588.77,10892908.95,21940354.90,17532289.09,4408065.81,,
CHHATTISGARH,2005,1013,660,41,990,0,990,246,184,62,204,25,401,3621,5600,1619,3981,893,110,431,73,214,3734,100,1450,132,732,0,2004,20959,43633,CHHATTISGARH,2005,81.66,54.75,68.26,135191.00,11185911.71,11069374.07,22295788.65,17816312.17,4479476.48,,
CHHATTISGARH,2006,1098,825,15,995,0,995,239,178,61,160,24,439,3507,5262,1623,3639,905,137,507,33,262,6722,103,1598,143,717,1,2239,19246,45177,CHHATTISGARH,2006,82.73,55.47,69.15,135191.00,11358174.75,11239842.43,22639143.79,18090683.38,4548460.41,,
CHHATTISGARH,2007,1097,747,26,982,0,982,244,181,63,115,13,427,3632,5381,1814,3567,881,150,467,64,253,6801,100,1549,111,824,0,2476,19505,45845,CHHATTISGARH,2007,83.79,56.19,70.04,135191.00,11526275.74,11406192.10,22974203.12,18358425.49,4615777.63,,
CHHATTISGARH,2008,1169,736,18,978,0,978,273,216,57,124,17,500,4112,6079,2122,3957,1144,169,562,71,302,8565,106,1621,125,897,0,2800,21074,51442,CHHATTISGARH,2008,84.86,56.90,70.93,135191.00,11691101.48,11569300.65,23302734.22,18620950.98,4681783.25,,
CHHATTISGARH,2009,1083,732,19,976,0,976,286,229,57,134,16,554,3975,5792,2181,3611,957,166,682,68,335,9543,128,1598,152,893,0,2735,20546,51370,CHHATTISGARH,2009,85.93,57.62,71.83,135191.00,11854776.90,11731270.86,23628972.50,18881644.29,4747328.21,,
CHHATTISGARH,2010,1065,756,30,1012,0,1012,359,279,80,122,15,552,3711,5805,2139,3666,1092,196,813,59,319,10188,115,1706,182,861,2,2907,23091,54958,CHHATTISGARH,2010,86.99,58.33,72.72,135191.00,12019558.30,11894335.52,23957415.22,19144099.15,4813316.08,,
CHHATTISGARH,2011,1110,747,28,1053,0,1053,472,365,107,68,7,470,3548,5315,2292,3023,934,180,980,65,289,11105,104,1654,174,834,2,2856,25223,57218,CHHATTISGARH,2011,88.06,59.05,73.61,135191.00,12184226.25,12057287.92,24285631.81,19406373.30,4879258.51,,
D & N HAVELI,2001,3,2,0,6,0,6,4,2,2,0,0,2,34,45,15,30,4,13,12,1,1,29,0,7,0,4,0,0,183,350,D & N HAVELI,2001,73.30,43.00,60.00,603.00,121731.00,98720.00,220490.00,170027.00,50463.00,,
D & N HAVELI,2002,11,2,0,4,0,4,9,5,4,3,0,1,38,75,38,37,5,12,10,0,2,29,0,3,0,3,0,0,142,349,D & N HAVELI,2002,74.30,43.59,60.82,603.00,123909.98,100487.09,224436.77,173070.48,51366.29,,
D & N HAVELI,2003,11,5,0,1,0,1,7,4,3,4,0,6,41,61,15,46,17,8,13,2,4,22,0,4,0,2,0,1,129,338,D & N HAVELI,2003,75.31,44.18,61.65,603.00,126066.02,102235.56,228341.97,176081.91,52260.06,,
D & N HAVELI,2004,11,4,0,7,0,7,12,7,5,3,0,2,20,53,20,33,17,12,22,0,2,35,0,5,0,3,0,8,193,409,D & N HAVELI,2004,76.32,44.77,62.48,603.00,128196.53,103963.34,232200.95,179057.69,53143.26,,
D & N HAVELI,2005,7,5,0,5,0,5,13,9,4,3,0,2,25,74,17,57,18,12,10,4,1,33,0,5,0,5,0,17,195,434,D & N HAVELI,2005,77.33,45.36,63.30,603.00,130273.32,105647.55,235962.61,181958.43,54004.18,,
D & N HAVELI,2006,9,0,1,6,0,6,18,14,4,5,0,5,41,61,13,48,8,30,10,1,5,35,1,5,1,5,0,16,172,435,D & N HAVELI,2006,78.34,45.96,64.13,603.00,132279.53,107274.52,239596.43,184760.59,54835.84,,
D & N HAVELI,2007,10,2,0,7,0,7,9,6,3,1,0,3,28,87,19,68,39,17,10,1,10,25,0,0,0,3,0,12,161,425,D & N HAVELI,2007,79.36,46.55,64.96,603.00,134237.26,108862.19,243142.46,187495.05,55647.41,,
D & N HAVELI,2008,9,2,0,6,0,6,17,11,6,1,0,0,49,54,18,36,24,10,24,1,6,26,0,4,0,4,0,10,154,401,D & N HAVELI,2008,80.36,47.14,65.78,603.00,136156.86,110418.92,246619.39,190176.22,56443.17,,
D & N HAVELI,2009,10,5,1,4,0,4,12,9,3,9,0,2,43,63,21,42,53,17,20,1,5,23,0,2,1,3,0,17,151,442,D & N HAVELI,2009,81.38,47.74,66.61,603.00,138063.05,111964.78,250072.07,192838.69,57233.37,,
D & N HAVELI,2010,6,0,1,3,0,3,18,10,8,2,0,3,25,63,34,29,44,12,18,1,2,11,0,11,2,3,0,20,133,378,D & N HAVELI,2010,82.38,48.33,67.44,603.00,139982.13,113521.09,253548.07,195519.15,58028.92,,
D & N HAVELI,2011,14,2,0,4,0,4,9,8,1,7,0,2,22,69,43,26,20,10,18,2,5,25,0,2,0,3,0,24,134,372,D & N HAVELI,2011,83.40,48.92,68.27,603.00,141899.88,115076.33,257021.68,198197.76,58823.91,,
DAMAN & DIU,2001,7,5,0,0,0,0,5,3,2,0,0,0,43,40,20,20,23,5,9,1,3,21,0,0,0,4,0,0,73,239,DAMAN & DIU,2001,88.40,70.40,81.10,603.00,92478.00,65581.00,158204.00,100856.00,57348.00,,
DAMAN & DIU,2002,8,3,0,0,0,0,3,2,1,2,0,1,56,56,35,21,16,5,10,0,2,18,0,0,0,3,0,0,78,261,DAMAN & DIU,2002,89.61,71.36,82.21,603.00,94133.36,66754.90,161035.85,102661.32,58374.53,,
DAMAN & DIU,2003,6,3,0,5,0,5,1,1,0,4,0,1,41,46,25,21,31,8,8,6,1,14,1,3,0,0,0,6,84,269,DAMAN & DIU,2003,90.83,72.34,83.33,603.00,95771.28,67916.44,163837.88,104447.63,59390.25,,
DAMAN & DIU,2004,3,1,0,1,0,1,2,0,2,0,0,1,35,27,12,15,19,4,5,0,2,17,0,1,0,4,0,25,51,198,DAMAN & DIU,2004,92.05,73.30,84.45,603.00,97389.81,69064.22,166606.74,106212.79,60393.94,,
DAMAN & DIU,2005,5,2,0,2,0,2,4,2,2,4,0,0,37,50,27,23,19,6,3,7,1,16,1,1,0,3,0,24,58,243,DAMAN & DIU,2005,93.26,74.27,85.56,603.00,98967.53,70183.06,169305.76,107933.44,61372.32,,
DAMAN & DIU,2006,6,3,0,3,0,3,3,1,2,8,0,1,60,63,33,30,24,9,3,4,5,18,0,2,0,2,0,26,48,288,DAMAN & DIU,2006,94.48,75.24,86.68,603.00,100491.63,71263.88,171913.07,109595.62,62317.46,,
DAMAN & DIU,2007,12,7,0,1,0,1,1,1,0,3,1,2,46,43,28,15,31,5,6,6,3,20,1,0,0,3,0,32,37,260,DAMAN & DIU,2007,95.70,76.22,87.80,603.00,101978.90,72318.59,174457.39,111217.63,63239.76,,
DAMAN & DIU,2008,2,2,0,0,0,0,4,1,3,2,0,4,45,49,31,18,35,4,2,1,3,12,0,2,1,5,0,39,36,248,DAMAN & DIU,2008,96.92,77.18,88.91,603.00,103437.20,73352.74,176952.13,112808.04,64144.08,,
DAMAN & DIU,2009,5,4,1,1,0,1,0,0,0,0,0,4,33,41,27,14,29,8,4,3,3,14,0,4,1,3,0,40,78,276,DAMAN & DIU,2009,98.14,78.16,90.03,603.00,104885.32,74379.68,179429.46,114387.36,65042.10,,
DAMAN & DIU,2010,5,2,1,1,0,1,2,2,0,6,0,0,27,47,29,18,11,4,5,0,0,12,0,2,0,3,0,38,37,203,DAMAN & DIU,2010,99.36,79.13,91.15,603.00,106343.23,75413.56,181923.53,115977.34,65946.19,,
DAMAN & DIU,2011,6,1,0,1,0,1,3,2,1,4,0,6,31,47,33,14,19,3,10,2,0,11,0,0,0,2,0,43,35,224,DAMAN & DIU,2011,100.58,80.10,92.27,603.00,107800.13,76446.73,184415.88,117566.23,66849.65,,
GOA,2001,36,30,5,12,0,12,9,6,3,7,0,25,359,576,168,408,64,39,62,2,16,174,2,17,7,11,0,191,697,2341,GOA,2001,88.40,75.40,81.10,3702.00,685617.00,658381.00,1347668.00,677091.00,670577.00,,
GOA,2002,30,20,4,12,0,12,9,5,4,5,0,24,376,496,146,350,79,27,78,3,25,236,2,18,6,8,0,202,780,2440,GOA,2002,89.61,76.43,82.21,3702.00,697889.54,670166.02,1371791.26,689210.93,682580.33,,
GOA,2003,34,25,6,31,0,31,14,13,1,5,0,21,257,464,132,332,47,60,106,3,18,198,2,19,7,24,0,164,739,2244,GOA,2003,90.83,77.47,83.33,3702.00,710032.82,681826.91,1395660.43,701203.20,694457.23,,
GOA,2004,40,6,5,37,0,37,13,10,3,5,0,18,261,503,120,383,33,49,61,0,7,170,2,23,15,17,0,216,646,2127,GOA,2004,92.05,78.51,84.45,3702.00,722032.38,693349.78,1419247.09,713053.53,706193.55,,
GOA,2005,45,15,5,20,0,20,17,12,5,2,0,28,265,495,185,310,45,50,58,6,12,155,2,30,8,11,0,209,641,2119,GOA,2005,93.26,79.55,85.56,3702.00,733729.30,704582.05,1442238.89,724605.00,717633.89,,
GOA,2006,39,17,1,21,0,21,16,10,6,7,0,17,252,494,223,271,63,35,55,9,38,170,0,18,7,14,0,233,698,2204,GOA,2006,94.48,80.59,86.68,3702.00,745028.73,715432.61,1464449.37,735763.92,728685.45,,
GOA,2007,33,23,7,20,0,20,12,7,5,7,0,22,292,494,207,287,70,36,55,10,24,150,2,20,7,14,0,247,934,2479,GOA,2007,95.70,81.63,87.80,3702.00,756055.16,726021.02,1486123.22,746653.22,739470.00,,
GOA,2008,49,25,11,30,0,30,36,28,8,3,0,23,302,601,238,363,102,47,105,22,27,185,2,32,12,12,0,230,886,2742,GOA,2008,96.92,82.67,88.91,3702.00,766866.75,736403.12,1507374.78,757330.36,750044.42,,
GOA,2009,53,24,11,47,0,47,33,22,11,4,0,30,294,858,336,522,50,52,132,27,24,191,3,37,10,21,0,220,884,3005,GOA,2009,98.14,83.71,90.03,3702.00,777602.88,746712.76,1528478.03,767932.99,760545.04,,
GOA,2010,35,27,3,36,0,36,25,18,7,2,0,39,368,1034,359,675,64,57,117,33,23,177,1,36,16,17,0,256,927,3293,GOA,2010,99.36,84.74,91.15,3702.00,788411.56,757092.07,1549723.87,778607.26,771116.61,,
GOA,2011,48,22,6,29,0,29,28,17,11,2,0,26,318,1115,463,652,74,45,142,31,24,215,1,29,12,18,0,263,1001,3449,GOA,2011,100.58,85.79,92.27,3702.00,799212.80,767464.23,1570955.09,789274.18,781680.91,,
GUJARAT,2001,1226,537,94,286,0,286,998,857,141,327,19,991,5142,15834,5504,10330,1930,1748,1779,55,449,13760,67,756,111,3667,0,2924,50719,103419,GUJARAT,2001,80.50,58.60,70.00,196024.00,26344053.00,24252939.00,50671017.00,31740767.00,18930250.00,,
GUJARAT,2002,1532,759,13,267,0,267,1015,807,208,804,12,1098,5327,15742,6195,9547,3665,1385,1457,46,1915,13531,62,750,104,3321,0,3258,50612,106675,GUJARAT,2002,81.60,59.40,70.96,196024.00,26815611.55,24687066.61,51578028.20,32308926.73,19269101.48,,
GUJARAT,2003,1114,478,29,236,0,236,1044,859,185,338,14,1267,5844,19304,7201,12103,1824,1873,1975,275,516,12611,54,722,92,3684,0,3536,46879,103709,GUJARAT,2003,82.71,60.21,71.92,196024.00,27282203.19,25116621.57,52475485.90,32871102.05,19604383.84,,
GUJARAT,2004,1113,469,27,339,0,339,1133,905,228,360,15,1136,5828,18551,6931,11620,1599,1612,1726,122,388,12262,58,757,164,3955,0,3958,49897,105469,GUJARAT,2004,83.82,61.02,72.89,196024.00,27743272.42,25541092.47,53362321.61,33426623.68,19935697.93,,
GUJARAT,2005,1033,452,27,324,0,324,1164,916,248,282,15,966,5332,17964,7083,10881,1628,1370,1541,447,320,10503,48,802,104,4090,0,4120,60882,113414,GUJARAT,2005,84.93,61.82,73.85,196024.00,28192713.44,25954858.17,54226791.22,33968134.98,20258656.23,,
GUJARAT,2006,1165,471,24,354,0,354,1128,945,183,290,12,970,5530,18475,7188,11287,1534,1246,1529,196,321,10685,50,736,138,4977,0,4339,66802,120972,GUJARAT,2006,86.04,62.63,74.82,196024.00,28626881.22,26354562.99,55061883.80,34491244.26,20570639.54,,
GUJARAT,2007,1166,494,21,316,0,316,1312,1089,223,245,10,1095,4870,18164,8022,10142,1668,1139,1116,286,330,10989,42,822,120,5827,0,4831,68332,123195,GUJARAT,2007,87.15,63.44,75.78,196024.00,29050559.07,26744610.52,55876799.68,35001714.68,20875085.01,,
GUJARAT,2008,1106,487,35,374,0,374,1323,1119,204,256,14,1322,5053,20715,9947,10768,1809,1167,1167,190,363,10897,27,828,122,6094,0,4934,65525,123808,GUJARAT,2008,88.26,64.25,76.74,196024.00,29465982.06,27127058.45,56675837.92,35502239.20,21173598.72,,
GUJARAT,2009,1020,468,30,433,0,433,1348,1162,186,246,11,1420,4488,19669,11130,8539,1539,1256,1014,238,240,9456,24,727,114,5506,0,5178,60758,115183,GUJARAT,2009,89.37,65.06,77.71,196024.00,29878505.81,27506837.27,57469299.65,35999270.55,21470029.10,,
GUJARAT,2010,1048,462,44,408,0,408,1447,1290,157,186,18,1384,4071,16794,9817,6977,1623,1214,1002,255,260,10131,19,668,110,5600,0,5907,63788,116439,GUJARAT,2010,90.48,65.86,78.68,196024.00,30293817.04,27889182.30,58268122.91,36499660.41,21768462.51,,
GUJARAT,2011,1126,478,43,439,0,439,1614,1442,172,221,24,1368,4509,16043,8934,7109,1615,1339,1399,256,263,10159,30,685,93,6052,0,5827,69788,123371,GUJARAT,2011,91.59,66.67,79.64,196024.00,30708842.33,28271264.10,59066396.20,36999705.75,22066690.44,,
HARYANA,2001,781,467,78,398,0,398,449,297,152,77,141,397,3109,6117,3022,3095,750,556,1016,37,203,4744,285,478,401,1513,0,856,15906,38759,HARYANA,2001,78.50,45.70,67.90,44212.00,11327658.00,9755331.00,21144564.00,15029260.00,6115304.00,,
HARYANA,2002,760,487,89,361,1,360,427,290,137,61,162,330,3048,5962,2955,3007,700,579,933,32,199,4514,256,454,1424,1565,0,955,16854,40152,HARYANA,2002,79.58,46.33,68.83,44212.00,11530423.08,9929951.42,21523051.70,15298283.75,6224767.94,,
HARYANA,2003,702,446,76,353,0,353,388,271,117,63,190,281,2981,5591,3079,2512,639,586,900,30,122,4153,222,344,1302,1618,0,971,16654,38612,HARYANA,2003,80.66,46.96,69.77,44212.00,11731052.44,10102732.58,21897552.80,15564473.89,6333078.90,,
HARYANA,2004,733,441,65,386,0,386,423,292,131,52,145,244,2786,6558,3735,2823,699,534,1089,32,95,4194,251,403,850,2026,0,981,16109,39096,HARYANA,2004,81.74,47.59,70.70,44212.00,11929307.23,10273468.76,22267621.44,15827513.50,6440107.94,,
HARYANA,2005,784,513,57,461,0,461,492,344,148,88,138,390,3437,8694,5034,3660,899,562,1204,31,119,4569,212,380,597,2075,0,1083,15879,42664,HARYANA,2005,82.82,48.21,71.63,44212.00,12122562.00,10439898.95,22628356.90,16083919.22,6544437.69,,
HARYANA,2006,873,585,59,608,0,608,635,431,204,104,224,410,4001,10518,6300,4218,1142,750,1424,35,156,5135,255,486,491,2254,0,1350,19014,50509,HARYANA,2006,83.90,48.85,72.57,44212.00,12309249.46,10600673.40,22976833.60,16331611.57,6645222.03,,
HARYANA,2007,911,592,72,488,0,488,801,554,247,139,266,502,4231,11047,6499,4548,1173,726,1232,33,142,5031,269,417,409,2412,0,1545,19159,51597,HARYANA,2007,84.98,49.48,73.51,44212.00,12491426.35,10757563.36,23316890.74,16573319.43,6743571.31,,
HARYANA,2008,921,616,92,631,0,631,854,644,210,120,257,555,4249,12709,7674,5035,1184,763,1150,40,139,4504,302,435,605,2435,0,1323,21460,55344,HARYANA,2008,86.06,50.10,74.44,44212.00,12670053.75,10911396.52,23650322.28,16810317.89,6840004.38,,
HARYANA,2009,948,690,78,603,0,603,916,659,257,153,297,679,4077,12917,8449,4468,1166,827,1406,35,153,3977,281,451,605,2617,0,1549,21804,56229,HARYANA,2009,87.15,50.73,75.38,44212.00,12847434.50,11064156.07,23981426.79,17045662.34,6935764.44,,
HARYANA,2010,1005,836,63,720,0,720,963,714,249,147,248,734,4445,16266,11299,4967,1414,919,1662,29,221,3733,284,476,580,2720,0,1595,20060,59120,HARYANA,2010,88.23,51.36,76.32,44212.00,13026013.84,11217947.84,24314768.62,17282597.05,7032171.57,,
HARYANA,2011,1062,851,60,733,0,733,959,733,226,167,176,638,5011,17425,12541,4884,1466,812,1761,18,166,3423,255,474,490,2740,0,1505,20549,60741,HARYANA,2011,89.31,52.00,77.25,44212.00,13204470.23,11371633.73,24647880.95,17519368.63,7128512.32,,
HIMACHAL PRADESH,2001,119,75,11,124,0,124,126,105,21,4,0,28,844,600,142,458,628,69,146,2,134,1403,10,310,14,317,0,483,6052,11499,HIMACHAL PRADESH,2001,85.40,67.40,76.50,55673.00,3085256.00,2991992.00,6077900.00,5482319.00,595581.00,,
HIMACHAL PRADESH,2002,123,86,6,137,0,137,138,116,22,0,1,18,710,564,142,422,646,75,137,0,145,1476,6,326,12,234,0,482,6921,12243,HIMACHAL PRADESH,2002,86.57,68.32,77.55,55673.00,3140482.08,3045548.66,6186694.41,5580452.51,606241.90,,
HIMACHAL PRADESH,2003,125,74,5,126,0,126,113,96,17,8,0,19,707,627,218,409,610,63,130,3,121,1385,6,250,18,221,0,463,6937,12011,HIMACHAL PRADESH,2003,87.75,69.25,78.60,55673.00,3195126.47,3098541.20,6294342.89,5677552.38,616790.51,,
HIMACHAL PRADESH,2004,110,77,12,153,0,153,123,99,24,1,0,25,766,643,192,451,562,97,174,6,112,1421,8,284,16,252,0,469,7015,12326,HIMACHAL PRADESH,2004,88.92,70.18,79.66,55673.00,3249124.11,3150906.55,6400717.29,5773503.02,627214.27,,
HIMACHAL PRADESH,2005,110,79,22,141,0,141,118,102,16,6,0,22,696,696,166,530,558,82,163,6,97,1359,2,286,29,228,0,480,7165,12345,HIMACHAL PRADESH,2005,90.10,71.11,80.71,55673.00,3301759.92,3201951.24,6504408.91,5867033.77,637375.14,,
HIMACHAL PRADESH,2006,111,78,20,113,0,113,130,109,21,7,0,29,754,812,214,598,566,137,129,4,115,1261,3,275,31,259,0,499,7760,13093,HIMACHAL PRADESH,2006,91.28,72.04,81.76,55673.00,3352607.02,3251261.28,6604576.80,5957386.09,647190.72,,
HIMACHAL PRADESH,2007,127,57,9,159,0,159,171,150,21,5,0,23,877,1092,264,828,649,132,212,11,141,1318,8,322,33,342,0,597,7937,14222,HIMACHAL PRADESH,2007,92.45,72.97,82.82,55673.00,3402225.61,3299379.95,6702324.54,6045555.40,656769.14,,
HIMACHAL PRADESH,2008,129,59,5,157,0,157,151,137,14,6,0,20,885,1152,332,820,627,137,248,11,127,1258,3,295,41,343,0,485,7837,13976,HIMACHAL PRADESH,2008,93.63,73.89,83.87,55673.00,3450877.43,3346561.09,6798167.78,6132006.84,666160.94,,
HIMACHAL PRADESH,2009,125,73,13,183,0,183,150,122,28,4,0,21,784,823,327,496,591,117,264,2,124,1230,1,318,37,284,0,616,7555,13315,HIMACHAL PRADESH,2009,94.81,74.83,84.93,55673.00,3499189.72,3393412.94,6893342.13,6217854.94,675487.19,,
HIMACHAL PRADESH,2010,132,74,12,160,0,160,194,162,32,2,0,11,743,838,334,504,615,110,318,4,127,1374,2,350,78,275,0,610,7020,13049,HIMACHAL PRADESH,2010,95.98,75.75,85.98,55673.00,3547828.45,3440581.38,6989159.59,6304283.12,684876.46,,
HIMACHAL PRADESH,2011,130,50,6,168,0,168,212,191,21,1,0,10,995,1042,356,686,530,143,359,4,110,1251,4,331,62,239,0,563,8102,14312,HIMACHAL PRADESH,2011,97.16,76.69,87.04,55673.00,3596433.70,3487717.35,7084911.07,6390651.80,694259.27,,
JAMMU & KASHMIR,2001,1075,1474,33,169,0,169,606,504,102,24,0,161,1345,1919,633,1286,1072,90,391,15,437,318,13,622,288,50,0,357,9046,19505,JAMMU & KASHMIR,2001,66.60,43.00,55.50,42241.00,5300574.00,4769343.00,10143700.00,7627062.00,2516638.00,,
JAMMU & KASHMIR,2002,1048,1240,31,192,0,192,674,596,78,42,0,163,1321,2020,664,1356,996,91,382,20,386,366,18,785,368,54,0,380,9390,19967,JAMMU & KASHMIR,2002,67.51,43.59,56.26,42241.00,5395454.27,4854714.24,10325272.23,7763586.41,2561685.82,,
JAMMU & KASHMIR,2003,929,1216,29,211,0,211,712,615,97,23,0,154,1526,1949,576,1373,1167,116,408,21,328,310,10,875,376,71,0,378,10424,21233,JAMMU & KASHMIR,2003,68.43,44.18,57.03,42241.00,5489335.18,4939186.27,10504931.97,7898672.81,2606259.15,,
JAMMU & KASHMIR,2004,816,1112,29,218,0,218,735,632,103,28,0,129,1420,1939,573,1366,1116,105,414,32,320,334,9,990,264,82,0,422,10677,21191,JAMMU & KASHMIR,2004,69.35,44.77,57.79,42241.00,5582104.94,5022658.52,10682465.32,8032160.38,2650304.93,,
JAMMU & KASHMIR,2005,647,905,37,201,0,201,748,658,90,13,0,116,1397,1901,504,1397,1222,117,403,29,240,355,5,830,371,76,0,462,10040,20115,JAMMU & KASHMIR,2005,70.26,45.36,58.55,42241.00,5672535.04,5104025.58,10855521.26,8162281.38,2693239.87,,
JAMMU & KASHMIR,2006,487,854,40,250,0,250,789,723,66,10,0,112,1351,1937,554,1383,1197,123,463,35,203,376,10,960,347,135,0,222,10886,20787,JAMMU & KASHMIR,2006,71.18,45.96,59.32,42241.00,5759892.08,5182627.58,11022696.28,8287980.52,2734715.77,,
JAMMU & KASHMIR,2007,318,669,23,288,0,288,758,707,51,18,0,111,1460,2086,514,1572,1209,121,489,31,186,374,9,986,353,176,0,243,11535,21443,JAMMU & KASHMIR,2007,72.10,46.55,60.08,42241.00,5845138.49,5259330.47,11185832.19,8410642.63,2775189.56,,
JAMMU & KASHMIR,2008,237,570,31,219,0,219,704,656,48,3,0,67,1347,2198,689,1509,1782,87,392,23,230,273,21,935,296,162,0,293,10734,20604,JAMMU & KASHMIR,2008,73.02,47.14,60.85,42241.00,5928723.97,5334538.89,11345789.59,8530914.82,2814874.77,,
JAMMU & KASHMIR,2009,237,547,23,237,0,237,873,825,48,1,0,69,1566,2631,876,1755,1472,132,475,37,217,331,12,972,371,196,0,517,11059,21975,JAMMU & KASHMIR,2009,73.94,47.74,61.61,42241.00,6011726.10,5409222.44,11504630.64,8650347.62,2854283.02,,
JAMMU & KASHMIR,2010,217,711,26,245,0,245,896,840,56,6,0,61,1406,2510,967,1543,2169,150,422,19,224,278,9,1038,262,211,0,494,11869,23223,JAMMU & KASHMIR,2010,74.85,48.33,62.38,42241.00,6095289.09,5484410.63,11664545.01,8770587.46,2893957.55,,
JAMMU & KASHMIR,2011,169,494,29,277,0,277,1077,1023,54,14,0,88,1516,2655,930,1725,1405,195,612,39,205,246,11,1194,350,286,0,385,13257,24504,JAMMU & KASHMIR,2011,75.77,48.92,63.15,42241.00,6178794.56,5559547.05,11824349.27,8890744.50,2933604.77,,
JHARKHAND,2001,1507,866,143,567,0,567,441,279,162,636,48,647,1266,3827,754,3073,2018,283,554,23,165,2254,217,297,5,484,2,420,8777,25447,JHARKHAND,2001,67.30,38.90,53.60,79716.00,13861277.00,13048151.00,26945829.00,20952088.00,5993741.00,,
JHARKHAND,2002,1488,1143,115,797,0,797,468,178,290,580,55,780,1419,4374,560,3814,2281,333,441,6,167,2294,275,411,3,588,36,416,12969,31439,JHARKHAND,2002,68.22,39.43,54.33,79716.00,14109393.86,13281712.90,27428159.34,21327130.38,6101028.96,,
JHARKHAND,2003,1482,957,109,712,0,712,487,262,225,702,37,864,1468,4155,564,3591,2481,265,479,5,147,3062,262,424,2,559,0,642,12902,32203,JHARKHAND,2003,69.15,39.97,55.07,79716.00,14354897.31,13512814.71,27905409.31,21698222.44,6207186.87,,
JHARKHAND,2004,1488,1143,115,797,0,797,468,178,290,580,55,780,1419,4374,560,3814,2281,333,441,6,167,2294,275,411,3,588,36,416,12969,31439,JHARKHAND,2004,70.08,40.50,55.81,79716.00,14597495.08,13741181.28,28377010.73,22064922.40,6312088.33,,
JHARKHAND,2005,1523,1084,87,753,5,748,621,283,338,592,49,732,1610,6195,1181,5014,2524,243,643,19,202,3078,257,293,36,590,4,1490,12550,35175,JHARKHAND,2005,71.00,41.04,56.55,79716.00,14833974.50,13963788.41,28836718.30,22422374.15,6414344.16,,
JHARKHAND,2006,1492,1078,97,799,0,799,635,410,225,536,45,779,1428,6173,1146,5027,2650,319,833,34,178,3055,281,414,44,668,5,1154,13667,36364,JHARKHAND,2006,71.93,41.58,57.29,79716.00,15062417.70,14178830.75,29280803.76,22767678.71,6513125.06,,
JHARKHAND,2007,1617,1076,92,855,0,855,762,534,228,524,40,771,1495,7091,1784,5307,2565,448,814,19,160,3783,303,342,15,801,0,1019,13897,38489,JHARKHAND,2007,72.86,42.11,58.03,79716.00,15285341.49,14388677.45,29714159.66,23104640.35,6609519.31,,
JHARKHAND,2008,1697,1061,112,791,0,791,792,499,293,416,50,761,1375,7269,2165,5104,2576,269,900,24,164,2826,266,271,23,851,39,1310,14843,38686,JHARKHAND,2008,73.78,42.65,58.76,79716.00,15503921.87,14594435.54,30139072.14,23435036.71,6704035.43,,
JHARKHAND,2009,1636,1274,104,719,0,719,827,517,310,412,53,780,1392,7716,2990,4726,2312,473,910,15,203,4132,295,276,83,710,6,1678,11430,37436,JHARKHAND,2009,74.71,43.19,59.51,79716.00,15720976.77,14798757.63,30561019.15,23763127.22,6797891.93,,
JHARKHAND,2010,1689,1028,82,773,0,773,978,696,282,335,19,709,1357,7090,2709,4381,2447,505,988,16,185,4271,276,245,16,650,8,1745,13477,38889,JHARKHAND,2010,75.64,43.72,60.24,79716.00,15939498.35,15004460.37,30985817.32,24093434.69,6892382.63,,
JHARKHAND,2011,1747,718,83,784,0,784,941,660,281,309,40,614,1235,6378,1872,4506,2133,447,907,22,138,4403,282,317,7,659,6,1728,11940,35838,JHARKHAND,2011,76.57,44.26,60.98,79716.00,16157869.48,15210021.47,31410323.02,24423514.75,6986808.27,,
KARNATAKA,2001,1626,1475,74,293,0,293,559,271,288,178,36,847,6394,12868,4016,8852,6686,494,2678,131,352,23285,220,1665,81,1755,0,100,47301,109098,KARNATAKA,2001,76.10,56.90,66.60,191792.00,26856343.00,25877615.00,52850562.00,34889033.00,17961529.00,,
KARNATAKA,2002,1627,1576,55,292,0,292,645,300,345,178,66,972,6480,13818,4376,9442,6838,485,2764,175,437,22824,233,1648,100,1826,0,152,50508,113699,KARNATAKA,2002,77.14,57.68,67.51,191792.00,27337071.54,26340824.31,53796587.06,35513546.69,18283040.37,,
KARNATAKA,2003,1506,1241,58,321,0,321,531,244,287,220,65,861,6055,14180,4296,9884,5784,495,2752,126,415,21913,194,1585,84,1704,0,172,52143,112405,KARNATAKA,2003,78.19,58.46,68.43,191792.00,27812736.58,26799154.65,54732647.67,36131482.40,18601165.27,,
KARNATAKA,2004,1519,1387,57,291,1,290,592,286,306,177,109,1024,6093,16093,5185,10908,6237,423,2759,65,248,21232,259,1435,57,1588,0,277,52518,114440,KARNATAKA,2004,79.24,59.25,69.35,191792.00,28282771.83,27252060.37,55657629.42,36742104.46,18915524.96,,
KARNATAKA,2005,1609,1406,80,343,0,343,589,312,277,208,119,1202,5986,17008,5920,11088,6151,434,2909,133,238,20883,261,1585,71,1883,0,243,54239,117580,KARNATAKA,2005,80.29,60.03,70.26,191792.00,28740952.74,27693543.74,56559283.02,37337326.55,19221956.47,,
KARNATAKA,2006,1627,1484,68,400,0,400,563,328,235,202,247,1349,5967,14901,5759,9142,6183,471,2910,139,268,19488,244,1683,38,2129,0,534,56815,117710,KARNATAKA,2006,81.34,60.82,71.18,191792.00,29183563.41,28120024.32,57430295.98,37912321.38,19517974.60,,
KARNATAKA,2007,1538,1251,55,436,1,435,680,390,290,178,242,1313,5449,14351,5887,8464,5783,400,3600,124,262,18963,251,1828,28,2507,0,514,60853,120606,KARNATAKA,2007,82.39,61.60,72.10,191792.00,29615480.15,28536200.68,58280264.36,38473423.73,19806840.62,,
KARNATAKA,2008,1698,1475,81,446,0,446,758,405,353,270,248,1615,6258,17820,8960,8860,6013,424,3669,118,265,19159,259,1954,44,2638,1,572,61755,127540,KARNATAKA,2008,83.43,62.38,73.02,191792.00,30038981.51,28944268.35,59113672.14,39023593.69,20090078.44,,
KARNATAKA,2009,1702,1607,79,509,0,509,892,408,484,273,346,1825,6629,20576,11093,9483,6269,461,5079,171,293,20105,264,2186,64,3185,2,417,61108,134042,KARNATAKA,2009,84.48,63.17,73.94,191792.00,30459527.25,29349488.10,59941263.55,39569924.00,20371339.54,,
KARNATAKA,2010,1805,1850,94,586,0,586,1374,586,788,272,300,1949,6059,20093,10840,9253,7710,464,5543,192,286,21835,248,2544,83,3441,0,471,65123,142322,KARNATAKA,2010,85.53,63.95,74.85,191792.00,30882914.68,29757445.99,60774447.11,40119945.95,20654501.16,,
KARNATAKA,2011,1820,1837,85,636,0,636,1395,715,680,214,399,2123,6136,19834,10226,9608,7265,440,5850,105,231,21295,267,2608,81,3712,12,750,60505,137600,KARNATAKA,2011,86.58,64.74,75.77,191792.00,31306010.61,30165123.00,61607057.03,40669589.21,20937467.83,,
KERALA,2001,472,615,111,562,0,562,183,97,86,176,13,517,4474,5441,1795,3646,8108,428,2756,239,768,19829,27,1942,81,2561,0,0,54544,103847,KERALA,2001,94.20,87.90,90.90,38863.00,15468664.00,16369955.00,31841374.00,23574449.00,8266925.00,,
KERALA,2002,454,562,210,499,0,499,162,91,71,137,4,610,4624,5743,1978,3765,8090,357,2924,135,452,19033,17,2123,102,2836,0,32,55094,104200,KERALA,2002,95.49,89.10,92.15,38863.00,15745553.09,16662977.19,32411334.59,23996431.64,8414902.96,,
KERALA,2003,435,448,343,394,0,394,189,102,87,142,19,634,4409,4891,1668,3223,6798,323,3061,129,413,17696,33,1947,68,2930,0,35,53487,98824,KERALA,2003,96.79,90.32,93.40,38863.00,16019525.71,16952913.00,32975291.82,24413969.55,8561322.27,,
KERALA,2004,417,391,473,480,0,480,232,142,90,129,15,639,4580,5240,1717,3523,6461,336,3755,99,374,20610,31,2260,133,3222,0,42,54106,104025,KERALA,2004,98.09,91.53,94.65,38863.00,16290255.69,17239417.23,33532574.25,24826565.63,8706008.62,,
KERALA,2005,388,341,88,478,0,478,226,129,97,110,158,621,4110,5454,1969,3485,6535,361,3261,79,456,18302,21,2339,175,3283,0,34,57530,104350,KERALA,2005,99.38,92.73,95.90,38863.00,16554157.84,17518695.79,34075801.95,25228756.00,8847045.95,,
KERALA,2006,393,347,87,601,0,601,294,202,92,129,125,691,4245,5431,2014,3417,6365,299,3316,68,435,19105,25,2543,222,3708,0,49,56777,105255,KERALA,2006,100.68,93.95,97.16,38863.00,16809091.87,17788483.70,34600569.30,25617278.84,8983290.46,,
KERALA,2007,367,402,92,512,0,512,255,177,78,121,157,869,4100,5609,2113,3496,7358,394,4215,54,398,18975,27,2624,262,3999,0,59,57681,108530,KERALA,2007,101.98,95.16,98.41,38863.00,17057866.43,18051753.26,35112657.73,25996414.57,9116243.16,,
KERALA,2008,362,434,95,568,0,568,253,166,87,91,267,816,3882,5818,1981,3837,8057,435,3659,46,389,19178,31,2745,258,4138,0,37,59061,110620,KERALA,2008,103.28,96.37,99.66,38863.00,17301793.92,18309893.33,35614768.73,26368163.29,9246605.44,,
KERALA,2009,343,408,100,568,0,568,256,173,83,112,266,830,3554,5564,2029,3535,8086,354,3394,66,503,18274,20,2540,395,4007,0,41,68688,118369,KERALA,2009,104.58,97.58,100.91,38863.00,17544019.03,18566231.84,36113375.49,26737317.58,9376057.91,,
KERALA,2010,363,361,86,634,0,634,261,184,77,74,221,636,2682,4380,1486,2894,8724,343,3581,54,374,18532,22,2936,537,4797,0,47,98668,148313,KERALA,2010,105.87,98.79,102.17,38863.00,17787880.90,18824302.46,36615351.41,27108966.29,9506385.12,,
KERALA,2011,365,521,105,1132,0,1132,299,221,78,71,245,741,3001,4704,1454,3250,10754,340,5155,56,450,21747,15,3756,573,5377,0,65,112665,172137,KERALA,2011,107.18,100.01,103.42,38863.00,18031574.86,19082195.40,37116981.73,27480359.13,9636622.60,,
LAKSHADWEEP,2001,1,0,0,0,0,0,0,0,0,0,0,0,1,10,0,10,1,1,0,0,2,3,0,0,0,0,0,0,17,36,LAKSHADWEEP,2001,92.50,80.50,86.70,36.00,31118.00,29477.00,60650.00,33683.00,26967.00,,
LAKSHADWEEP,2002,0,0,0,1,0,1,0,0,0,0,0,0,9,12,0,12,18,0,0,0,2,5,0,1,0,0,0,0,5,53,LAKSHADWEEP,2002,93.77,81.60,87.89,36.00,31675.01,30004.64,61735.64,34285.93,27449.71,,
LAKSHADWEEP,2003,0,0,0,2,0,2,0,0,0,0,0,0,6,8,1,7,4,0,0,0,2,1,0,1,0,1,0,0,6,31,LAKSHADWEEP,2003,95.04,82.71,89.08,36.00,32226.16,30526.72,62809.84,34882.50,27927.33,,
LAKSHADWEEP,2004,0,0,0,0,0,0,0,0,0,0,0,0,2,5,0,5,37,0,0,1,0,6,0,0,0,1,0,0,18,70,LAKSHADWEEP,2004,96.32,83.82,90.28,36.00,32770.78,31042.62,63871.32,35472.02,28399.31,,
LAKSHADWEEP,2005,1,0,0,0,0,0,0,0,0,0,0,0,2,7,0,7,6,0,0,0,0,4,0,0,0,0,0,0,22,42,LAKSHADWEEP,2005,97.59,84.93,91.47,36.00,33301.67,31545.51,64906.04,36046.66,28859.37,,
LAKSHADWEEP,2006,0,2,0,0,0,0,0,0,0,0,0,0,2,17,1,16,12,0,0,0,4,5,0,0,0,1,0,0,37,80,LAKSHADWEEP,2006,98.87,86.04,92.67,36.00,33814.51,32031.31,65905.59,36601.78,29303.81,,
LAKSHADWEEP,2007,0,2,0,1,0,1,0,0,0,0,0,0,2,20,2,18,1,0,0,0,0,0,0,2,0,2,0,0,26,56,LAKSHADWEEP,2007,100.14,87.15,93.86,36.00,34314.97,32505.38,66880.99,37143.49,29737.51,,
LAKSHADWEEP,2008,1,0,0,2,0,2,1,1,0,0,0,0,3,8,1,7,12,0,0,0,2,12,0,0,0,1,0,0,53,95,LAKSHADWEEP,2008,101.41,88.26,95.05,36.00,34805.67,32970.20,67837.39,37674.64,30162.75,,
LAKSHADWEEP,2009,0,1,0,1,0,1,0,0,0,3,0,0,1,10,5,5,44,0,0,0,2,14,0,0,0,0,0,0,58,134,LAKSHADWEEP,2009,102.69,89.37,96.25,36.00,35292.95,33431.78,68787.11,38202.08,30585.03,,
LAKSHADWEEP,2010,0,0,0,0,0,0,0,0,0,0,0,0,5,5,0,5,3,0,0,0,2,1,0,0,0,0,0,0,26,42,LAKSHADWEEP,2010,103.96,90.48,97.45,36.00,35783.52,33896.49,69743.25,38733.09,31010.16,,
LAKSHADWEEP,2011,0,1,0,0,0,0,0,0,0,0,0,0,0,4,0,4,5,1,0,0,3,3,0,0,0,0,0,0,27,44,LAKSHADWEEP,2011,105.24,91.59,98.64,36.00,36273.76,34360.87,70698.74,39263.74,31435.00,,
MADHYA PRADESH,2001,2425,2870,125,2851,0,2851,956,668,288,166,130,1764,13549,20263,4535,15728,3395,481,1413,19,1014,30895,609,7063,751,2562,0,3297,85143,181741,MADHYA PRADESH,2001,76.10,50.30,63.70,308245.00,31456873.00,28928245.00,60348023.00,44380878.00,15967145.00,,
MADHYA PRADESH,2002,2395,2864,194,2891,0,2891,964,639,325,136,142,1829,13344,20759,4845,15914,3178,507,1240,54,1053,29955,674,7118,783,3117,0,3679,94923,191799,MADHYA PRADESH,2002,77.14,50.99,64.57,308245.00,32019951.03,29446060.59,61428252.61,45175295.72,16252956.90,,
MADHYA PRADESH,2003,2227,2413,203,2738,0,2738,887,608,279,153,141,1578,12884,20422,5262,15160,2729,549,1222,38,868,29358,648,6848,705,2938,0,3778,97751,191078,MADHYA PRADESH,2003,78.19,51.68,65.45,308245.00,32577098.17,29958422.04,62497104.21,45961345.86,16535758.35,,
MADHYA PRADESH,2004,2379,2563,188,2875,0,2875,832,584,248,147,134,1526,12308,22586,6148,16438,2479,548,1287,36,893,33285,751,6690,804,3436,0,4209,96911,196867,MADHYA PRADESH,2004,79.24,52.38,66.33,308245.00,33127651.13,30464719.37,63553305.27,46738092.61,16815212.66,,
MADHYA PRADESH,2005,2405,2512,134,2921,0,2921,847,604,243,147,130,1557,11192,20685,6390,14295,2573,613,1292,51,817,33803,739,6426,792,2989,3,4593,91951,189172,MADHYA PRADESH,2005,80.29,53.07,67.20,308245.00,33664319.08,30958247.83,64582868.81,47495249.71,17087619.11,,
MADHYA PRADESH,2006,2309,2370,138,2900,0,2900,808,617,191,151,121,1770,10960,21733,7552,14181,2308,519,1522,38,815,34709,764,6243,762,2989,0,4823,95959,194711,MADHYA PRADESH,2006,81.34,53.76,68.08,308245.00,34182749.60,31435004.84,65577444.99,48226676.55,17350768.44,,
MADHYA PRADESH,2007,2244,2423,155,3010,0,3010,922,701,221,143,109,1975,11230,22396,8915,13481,2648,531,1661,38,909,36643,742,6772,780,3294,0,5754,98007,202386,MADHYA PRADESH,2007,82.39,54.46,68.96,308245.00,34688654.29,31900242.91,66547991.18,48940431.37,17607559.81,,
MADHYA PRADESH,2008,2322,2282,204,2937,0,2937,929,736,193,160,124,2234,11072,24583,10533,14050,2768,570,1368,47,898,36344,805,6445,758,3185,0,6008,100513,206556,MADHYA PRADESH,2008,83.43,55.15,69.84,308245.00,35184702.05,32356416.39,67499627.45,49640279.53,17859347.92,,
MADHYA PRADESH,2009,2386,2212,117,2998,1,2997,1036,841,195,117,156,2270,10661,23260,10705,12555,2409,575,1830,27,741,37132,858,6307,728,3983,1,6591,101367,207762,MADHYA PRADESH,2009,84.48,55.84,70.72,308245.00,35677287.87,32809406.22,68444622.24,50335243.45,18109378.79,,
MADHYA PRADESH,2010,2423,2277,123,3135,0,3135,1187,1030,157,110,110,1919,9897,21577,11353,10224,2606,507,1779,33,748,39193,892,6646,918,3756,5,7038,107390,214269,MADHYA PRADESH,2010,85.53,56.53,71.59,308245.00,36173202.18,33265456.96,69396002.49,51034903.33,18361099.16,,
MADHYA PRADESH,2011,2511,2340,139,3406,0,3406,1288,1088,200,118,117,1952,10230,22414,11595,10819,2080,557,1860,12,784,35711,811,6665,762,3732,45,7478,112082,217094,MADHYA PRADESH,2011,86.58,57.23,72.48,308245.00,36668775.05,33721193.72,70346727.72,51734081.51,18612646.21,,
MAHARASHTRA,2001,2839,1454,101,1302,0,1302,985,611,374,529,328,2239,15073,39866,8873,30993,6719,1542,4273,265,1208,30212,308,2823,1120,6090,1,8993,42963,171233,MAHARASHTRA,2001,86.00,67.00,67.90,307713.00,50334270.00,46417977.00,96878627.00,55777647.00,41100980.00,,
MAHARASHTRA,2002,2768,1435,93,1352,1,1351,953,650,303,548,271,2136,14471,37606,9122,28484,6360,1468,4145,176,1269,29250,303,2686,769,5353,0,9407,42643,165462,MAHARASHTRA,2002,87.18,67.92,68.83,307713.00,51235253.43,47248858.79,98612754.42,56776066.88,41836687.54,,
MAHARASHTRA,2003,2772,1412,113,1268,0,1268,926,626,300,514,249,2096,13892,37098,9271,27827,5714,1561,5005,261,1188,29205,368,2661,682,5452,0,9378,42491,164306,MAHARASHTRA,2003,88.36,68.84,69.77,307713.00,52126746.84,48070988.93,100328616.35,57763970.45,42564645.91,,
MAHARASHTRA,2004,2696,1463,115,1388,0,1388,1045,787,258,629,315,2229,14659,43952,11307,32645,5980,1528,5167,218,1149,30122,314,2831,862,5646,0,9574,44420,176302,MAHARASHTRA,2004,89.55,69.76,70.70,307713.00,53007688.86,48883388.64,102024169.97,58740181.55,43283988.42,,
MAHARASHTRA,2005,2621,1614,98,1545,0,1545,1194,851,343,641,307,2411,15615,46851,12189,34662,6779,1720,6391,385,1123,30017,341,3228,919,6233,0,9608,47386,187027,MAHARASHTRA,2005,90.73,70.68,71.63,307713.00,53866413.42,49675299.54,103676961.52,59691772.49,43985189.03,,
MAHARASHTRA,2006,2656,1680,100,1500,1,1499,1261,921,340,663,323,2574,15877,46473,12741,33732,7453,1726,6234,317,1188,29407,387,3479,984,6738,1,10933,49834,191788,MAHARASHTRA,2006,91.92,71.61,72.57,307713.00,54695956.19,50440299.15,105273586.73,60611025.78,44662560.94,,
MAHARASHTRA,2007,2693,1615,113,1451,0,1451,1312,967,345,716,405,2770,15607,47681,13895,33786,7993,1715,6235,270,1267,29622,436,3306,1039,7356,0,11946,50159,195707,MAHARASHTRA,2007,93.10,72.53,73.51,307713.00,55505456.34,51186815.58,106831635.81,61508068.96,45323566.85,,
MAHARASHTRA,2008,2795,1837,111,1558,0,1558,1379,998,381,811,274,3031,16004,52860,16900,35960,9388,1880,7296,405,1288,29742,390,3619,1091,7829,0,12472,50183,206243,MAHARASHTRA,2008,94.29,73.46,74.44,307713.00,56299184.37,51918787.04,108359328.20,62387634.35,45971693.85,,
MAHARASHTRA,2009,2653,1880,98,1483,0,1483,1286,926,360,780,287,3314,15841,50930,18133,32797,8030,1895,7976,478,1105,28326,341,3196,1099,7681,0,12459,48460,199598,MAHARASHTRA,2009,95.47,74.38,75.38,307713.00,57087372.95,52645650.06,109876358.80,63261061.23,46615297.57,,
MAHARASHTRA,2010,2744,1926,152,1599,0,1599,1508,1124,384,778,285,3721,16617,52565,18676,33889,8412,1948,8684,389,1229,29696,393,3661,1180,7434,0,13508,49739,208168,MAHARASHTRA,2010,96.66,75.30,76.32,307713.00,57880887.43,53377424.60,111403640.19,64140389.98,47263250.20,,
MAHARASHTRA,2011,2818,2105,144,1701,0,1701,1669,1252,417,773,291,4249,16313,53449,19270,34179,8556,1883,9098,351,1255,29769,339,3794,1071,7136,0,13024,45114,204902,MAHARASHTRA,2011,97.85,76.23,77.25,307713.00,58673855.59,54108695.31,112929870.06,65019113.33,47910756.73,,
MANIPUR,2001,209,168,5,20,0,20,94,62,32,20,17,19,75,217,71,146,131,33,66,20,64,201,0,21,0,5,0,7,1097,2489,MANIPUR,2001,80.30,60.50,70.50,22327.00,1207338.00,1181296.00,2166788.00,1590820.00,575968.00,,
MANIPUR,2002,165,160,3,14,0,14,157,82,75,3,8,6,44,255,115,140,64,28,72,12,48,378,0,58,0,10,0,25,1074,2584,MANIPUR,2002,81.40,61.33,71.47,22327.00,1228949.35,1202441.20,2205573.51,1619295.68,586277.83,,
MANIPUR,2003,150,199,6,18,0,18,120,71,49,3,0,6,68,252,124,128,73,16,76,7,47,324,0,44,0,4,0,4,1120,2537,MANIPUR,2003,82.51,62.16,72.44,22327.00,1250333.07,1223363.68,2243950.48,1647471.42,596479.06,,
MANIPUR,2004,159,227,3,31,0,31,128,71,57,2,2,3,66,244,108,136,115,25,142,4,85,233,0,30,0,2,0,35,999,2535,MANIPUR,2004,83.61,63.00,73.41,22327.00,1271463.70,1244038.52,2281873.25,1675313.69,606559.56,,
MANIPUR,2005,256,252,4,25,0,25,106,69,37,4,0,8,62,243,92,151,35,52,122,10,155,295,0,25,0,20,0,5,1234,2913,MANIPUR,2005,84.72,63.83,74.38,22327.00,1292061.41,1264191.95,2318839.59,1702453.77,616385.82,,
MANIPUR,2006,205,265,4,40,0,40,130,79,51,2,27,8,55,290,105,185,60,40,82,9,109,296,0,42,0,10,0,3,1207,2884,MANIPUR,2006,85.83,64.66,75.35,22327.00,1311959.16,1283660.50,2354549.72,1728671.56,625878.16,,
MANIPUR,2007,240,377,2,20,0,20,150,83,67,3,146,11,70,454,150,304,70,19,93,4,63,377,0,70,0,15,0,1,1074,3259,MANIPUR,2007,86.93,65.50,76.32,22327.00,1331376.15,1302658.68,2389397.06,1754255.90,635141.16,,
MANIPUR,2008,187,498,4,38,0,38,176,87,89,1,212,7,76,446,223,223,48,24,161,3,41,301,1,57,0,28,0,2,1038,3349,MANIPUR,2008,88.04,66.33,77.29,22327.00,1350414.83,1321286.70,2423565.44,1779341.76,644223.68,,
MANIPUR,2009,131,478,2,31,0,31,159,97,62,1,188,3,68,394,283,111,48,20,96,1,81,224,0,39,2,25,0,0,861,2852,MANIPUR,2009,89.15,67.17,78.27,22327.00,1369320.64,1339784.71,2457495.35,1804252.54,653242.81,,
MANIPUR,2010,92,258,1,34,0,34,199,107,92,0,196,2,66,417,254,163,65,24,59,7,86,227,0,31,0,18,0,1,932,2715,MANIPUR,2010,90.25,68.00,79.24,22327.00,1388354.19,1358407.72,2491654.54,1829331.65,662322.89,,
MANIPUR,2011,78,245,4,53,0,53,169,116,53,1,154,7,52,719,553,166,70,42,126,12,99,292,1,38,0,39,0,2,1015,3218,MANIPUR,2011,91.36,68.83,80.21,22327.00,1407374.65,1377017.90,2525790.21,1854393.50,671396.71,,
MEGHALAYA,2001,164,47,2,26,0,26,55,11,44,97,3,125,170,271,16,255,8,19,29,3,26,102,0,25,0,4,0,0,511,1687,MEGHALAYA,2001,65.40,59.60,62.60,22429.00,1167840.00,1138229.00,2318822.00,1864711.00,454111.00,,
MEGHALAYA,2002,167,58,3,38,0,38,52,10,42,64,2,109,154,392,51,341,9,9,33,8,23,89,0,23,0,0,0,12,419,1664,MEGHALAYA,2002,66.30,60.42,63.46,22429.00,1188744.34,1158603.30,2360328.91,1898089.33,462239.59,,
MEGHALAYA,2003,175,60,17,40,0,40,49,10,39,83,1,133,160,360,108,252,5,12,34,4,16,106,0,13,1,4,0,41,355,1669,MEGHALAYA,2003,67.20,61.24,64.32,22429.00,1209428.49,1178763.00,2401398.64,1931116.08,470282.56,,
MEGHALAYA,2004,124,42,7,54,0,54,54,18,36,91,2,81,142,418,138,280,2,25,44,2,15,123,2,34,0,5,0,51,434,1752,MEGHALAYA,2004,68.10,62.06,65.18,22429.00,1229867.83,1198684.09,2441982.27,1963751.94,478230.33,,
MEGHALAYA,2005,134,35,2,63,0,63,48,19,29,81,1,95,148,476,116,360,42,18,39,3,70,135,1,44,0,3,0,61,381,1880,MEGHALAYA,2005,69.00,62.88,66.04,22429.00,1249791.69,1218102.77,2481542.39,1995564.72,485977.66,,
MEGHALAYA,2006,157,42,8,74,0,74,57,25,32,57,4,65,140,470,135,335,7,16,83,7,28,138,6,57,0,13,0,68,438,1935,MEGHALAYA,2006,69.90,63.70,66.91,22429.00,1269038.48,1236861.56,2519758.14,2026296.42,493461.72,,
MEGHALAYA,2007,114,49,8,82,0,82,52,22,30,55,1,56,203,500,91,409,33,17,164,12,36,124,2,45,1,19,0,68,438,2079,MEGHALAYA,2007,70.80,64.52,67.77,22429.00,1287820.25,1255167.11,2557050.56,2056285.61,500764.95,,
MEGHALAYA,2008,126,55,6,88,0,88,56,25,31,63,0,65,168,669,137,532,8,32,104,10,28,204,2,54,4,32,0,64,480,2318,MEGHALAYA,2008,71.70,65.34,68.63,22429.00,1306236.08,1273116.00,2593616.38,2085690.49,507925.89,,
MEGHALAYA,2009,128,39,12,112,0,112,56,26,30,64,1,67,147,545,180,365,18,26,113,9,54,207,0,72,1,24,1,72,680,2448,MEGHALAYA,2009,72.61,66.17,69.50,22429.00,1324523.38,1290939.62,2629927.01,2114890.16,515036.85,,
MEGHALAYA,2010,134,60,8,149,0,149,71,37,34,42,1,67,166,664,152,512,7,37,98,4,52,154,0,48,0,24,0,53,666,2505,MEGHALAYA,2010,73.51,66.99,70.36,22429.00,1342934.26,1308883.68,2666483.00,2144287.13,522195.87,,
MEGHALAYA,2011,170,51,3,130,0,130,87,37,50,49,0,63,145,696,190,506,8,52,166,13,34,197,1,74,1,21,3,90,701,2755,MEGHALAYA,2011,74.41,67.81,71.22,22429.00,1361332.46,1326815.39,2703013.81,2173663.87,529349.95,,
MIZORAM,2001,31,15,5,52,0,52,2,1,1,3,0,23,417,878,17,861,3,23,71,12,24,94,0,52,0,16,3,23,499,2246,MIZORAM,2001,90.70,86.80,88.80,21081.00,459783.00,431275.00,891058.00,447567.00,441006.00,,
MIZORAM,2002,29,26,5,76,0,76,7,2,5,5,0,7,446,999,30,969,1,26,85,16,27,112,0,73,0,3,0,13,864,2820,MIZORAM,2002,91.94,87.99,90.02,21081.00,468013.12,438994.82,907007.94,455578.45,448900.01,,
MIZORAM,2003,46,36,3,54,0,54,8,2,6,5,0,21,487,1303,57,1246,3,19,60,12,23,142,0,88,0,3,0,11,1132,3456,MIZORAM,2003,93.19,89.19,91.24,21081.00,476156.54,446633.33,922789.88,463505.51,456710.87,,
MIZORAM,2004,35,21,2,20,0,20,15,0,15,10,0,6,250,610,0,610,2,30,20,6,22,80,0,66,0,0,0,0,320,1515,MIZORAM,2004,94.44,90.38,92.46,21081.00,484203.59,454181.44,938385.03,471338.76,464429.28,,
MIZORAM,2005,24,24,5,37,0,37,13,0,13,3,0,6,442,777,0,777,35,11,58,5,20,77,4,49,4,0,0,4,558,2156,MIZORAM,2005,95.69,91.57,93.68,21081.00,492047.69,461539.17,953586.86,478974.45,471953.04,1.79,1.37
MIZORAM,2006,25,19,7,72,0,72,6,1,5,7,0,10,422,758,60,698,0,30,78,10,25,72,0,51,0,1,0,26,454,2073,MIZORAM,2006,96.94,92.77,94.91,21081.00,499625.22,468646.88,968272.10,486350.65,479221.11,1.74,1.36
MIZORAM,2007,43,21,4,83,0,83,4,0,4,0,0,5,457,808,64,744,1,20,66,16,38,85,0,66,0,2,0,34,330,2083,MIZORAM,2007,98.19,93.97,96.14,21081.00,507019.68,475582.85,982602.53,493548.64,486313.58,1.69,1.34
MIZORAM,2008,35,10,6,77,0,77,9,1,8,4,0,6,338,747,27,720,1,34,57,15,18,118,0,78,0,5,0,53,378,1989,MIZORAM,2008,99.44,95.16,97.36,21081.00,514270.06,482383.69,996653.74,500606.39,493267.87,1.62,1.32
MIZORAM,2009,31,14,8,83,1,82,9,0,9,2,0,4,381,761,77,684,1,30,61,9,24,120,0,61,1,4,0,36,407,2047,MIZORAM,2009,100.69,96.36,98.58,21081.00,521469.84,489137.06,1010606.90,507614.88,500173.62,1.54,1.31
MIZORAM,2010,48,27,7,92,0,92,9,0,9,3,0,16,425,823,69,754,0,25,79,12,15,116,0,75,0,3,0,44,355,2174,MIZORAM,2010,101.94,97.56,99.81,21081.00,528718.27,495936.06,1024654.33,514670.72,507126.03,1.48,1.29
MIZORAM,2011,26,24,8,77,0,77,6,0,6,1,0,6,336,734,39,695,0,21,66,2,19,97,0,72,1,9,0,37,279,1821,MIZORAM,2011,103.19,98.76,101.03,21081.00,535961.71,502730.39,1038692.10,521721.71,514073.66,1.43,1.27
NAGALAND,2001,101,39,9,17,0,17,23,6,17,11,0,129,163,258,89,169,2,20,34,2,1,37,0,6,0,0,0,19,363,1234,NAGALAND,2001,71.20,61.50,66.60,16579.00,1041686.00,946950.00,1990036.00,1647249.00,342787.00,1.40,1.26
NAGALAND,2002,100,34,5,17,0,17,27,4,23,21,0,110,128,257,81,176,5,10,21,3,6,53,0,1,0,0,0,24,292,1114,NAGALAND,2002,72.18,62.34,67.51,16579.00,1060332.18,963900.41,2025657.64,1676734.76,348922.89,1.39,1.24
NAGALAND,2003,91,34,8,14,0,14,38,3,35,19,0,92,95,221,37,184,8,3,11,7,5,48,0,4,2,0,1,41,234,976,NAGALAND,2003,73.16,63.19,68.43,16579.00,1078781.96,980672.27,2060904.09,1705909.94,354994.15,1.37,1.23
NAGALAND,2004,70,33,5,18,0,18,23,4,19,14,0,117,70,255,26,229,6,11,28,0,5,52,0,3,1,0,0,34,239,984,NAGALAND,2004,74.14,64.04,69.35,16579.00,1097013.37,997245.63,2095733.37,1734739.82,360993.55,1.34,1.23
NAGALAND,2005,87,26,8,17,0,17,26,9,17,12,0,80,93,294,97,197,8,17,41,5,4,35,0,7,0,0,0,37,252,1049,NAGALAND,2005,75.12,64.88,70.26,16579.00,1114784.99,1013401.01,2129684.25,1762842.60,366841.64,1.79,1.37
NAGALAND,2006,123,46,8,23,0,23,31,3,28,16,0,84,70,327,113,214,7,18,37,10,16,50,0,3,2,3,0,28,201,1103,NAGALAND,2006,76.10,65.73,71.18,16579.00,1131952.68,1029007.39,2162481.38,1789990.38,372491.00,1.74,1.36
NAGALAND,2007,111,50,8,13,0,13,17,6,11,7,0,75,118,360,194,166,15,13,34,8,5,52,0,8,1,0,0,43,242,1180,NAGALAND,2007,77.08,66.58,72.10,16579.00,1148705.58,1044236.70,2194486.11,1816482.24,378003.87,1.69,1.34
NAGALAND,2008,143,47,13,19,0,19,44,7,37,6,0,87,127,345,182,163,4,16,31,4,14,46,0,15,1,4,0,44,192,1202,NAGALAND,2008,78.06,67.43,73.02,16579.00,1165132.07,1059169.28,2225867.26,1842457.93,383409.33,1.62,1.32
NAGALAND,2009,46,35,7,22,0,22,52,10,42,8,0,92,82,347,69,278,4,6,33,3,4,38,0,11,0,0,0,34,235,1059,NAGALAND,2009,79.04,68.28,73.94,16579.00,1181443.92,1073997.65,2257029.40,1868252.35,388777.06,1.54,1.31
NAGALAND,2010,45,35,13,16,0,16,50,6,44,3,0,63,62,397,80,317,2,13,39,3,1,36,0,13,3,1,0,22,242,1059,NAGALAND,2010,80.02,69.12,74.85,16579.00,1197865.99,1088926.22,2288402.11,1894221.05,394181.06,1.48,1.29
NAGALAND,2011,46,43,11,23,0,23,34,3,31,7,0,59,73,360,85,275,1,16,31,5,2,55,0,9,0,1,0,15,292,1083,NAGALAND,2011,81.01,69.97,75.77,16579.00,1214276.75,1103844.51,2319753.22,1920171.88,399581.34,1.43,1.27
ODISHA,2001,987,1151,53,790,0,790,522,434,88,199,22,958,3093,5622,817,4805,1426,285,681,10,423,4367,294,1655,458,1266,0,1589,20810,46661,ODISHA,2001,75.40,50.50,63.10,155707.00,18612340.00,18094580.00,36804660.00,31287422.00,5517238.00,1.40,1.26
ODISHA,2002,1075,1372,58,691,0,691,523,432,91,246,30,945,2884,5268,1028,4240,1598,246,793,12,405,4947,248,1605,188,1167,0,2672,20755,47728,ODISHA,2002,76.43,51.19,63.96,155707.00,18945500.89,18418472.98,37463463.41,31847466.85,5615996.56,1.39,1.24
ODISHA,2003,1044,1214,188,725,0,725,477,373,104,178,30,875,2961,5359,1076,4283,1408,254,937,11,337,4759,279,1669,188,1289,0,2497,20602,47281,ODISHA,2003,77.47,51.89,64.83,155707.00,19275152.60,18738954.41,38115327.68,32401612.78,5713714.90,1.37,1.23
ODISHA,2004,1066,1197,25,770,0,770,526,423,103,238,0,952,2992,5967,1401,4566,1433,271,805,14,343,4938,319,1811,170,1192,0,2652,21058,48739,ODISHA,2004,78.51,52.58,65.70,155707.00,19600902.68,19055642.74,38759476.72,32949200.03,5810276.68,1.34,1.23
ODISHA,2005,1079,1279,48,799,0,799,641,547,94,184,50,998,3029,6743,1626,5117,1515,301,1040,31,386,5919,334,2238,184,1671,0,3034,20182,51685,ODISHA,2005,79.55,53.28,66.57,155707.00,19918437.30,19364344.15,39387380.24,33482977.07,5904403.16,1.79,1.37
ODISHA,2006,1159,752,36,985,0,985,704,577,127,239,76,1184,3120,6567,1571,4996,1535,313,1364,16,371,6226,457,2415,247,694,12,2945,21375,52792,ODISHA,2006,80.59,53.98,67.44,155707.00,20225181.24,19662555.05,39993945.89,33998614.92,5995330.97,1.74,1.36
ODISHA,2007,1210,1105,22,939,0,939,801,660,141,247,42,1273,3073,6830,1733,5097,1983,319,1263,30,411,7478,461,2775,241,728,0,3771,19870,54872,ODISHA,2007,81.63,54.67,68.31,155707.00,20524513.92,19953560.87,40585856.29,34501794.42,6084061.87,1.69,1.34
ODISHA,2008,1250,1415,84,1113,0,1113,908,762,146,305,67,1345,3100,7419,1975,5444,2721,342,1244,26,869,7013,401,2782,282,1618,0,3535,18916,56755,ODISHA,2008,82.67,55.37,69.18,155707.00,20818014.47,20238896.79,41166234.04,34995170.08,6171063.96,1.62,1.32
ODISHA,2009,1250,1231,48,1023,0,1023,930,799,131,380,63,1488,2937,7136,2521,4615,1718,258,1137,34,413,6816,384,2697,210,2047,1,2979,20560,55740,ODISHA,2009,83.71,56.06,70.05,155707.00,21109466.67,20522241.34,41742561.31,35485102.46,6257458.85,1.54,1.31
ODISHA,2010,1308,1436,31,1025,0,1025,1016,912,104,346,117,1491,2855,7572,2627,4945,1779,322,1108,29,430,7181,388,2905,232,2067,5,3450,19366,56459,ODISHA,2010,84.74,56.76,70.92,155707.00,21402888.26,20807500.50,42322782.92,35978345.39,6344437.53,1.48,1.29
ODISHA,2011,1477,1621,51,1112,0,1112,1139,1008,131,417,84,1583,3031,8724,2986,5738,1556,250,1391,10,423,7894,465,3207,235,2320,0,3778,20509,61277,ODISHA,2011,85.79,57.46,71.79,155707.00,21696107.83,21092563.26,42902605.04,36471248.72,6431356.32,1.43,1.27
PUDUCHERRY,2001,25,32,1,9,0,9,4,3,1,1,0,4,111,528,284,244,100,5,23,3,31,635,1,35,27,3,0,166,2324,4068,PUDUCHERRY,2001,88.60,73.90,81.20,479.00,486705.00,487124.00,974345.00,325726.00,648619.00,1.40,1.26
PUDUCHERRY,2002,29,43,2,6,0,6,10,6,4,2,0,6,129,526,258,268,193,11,31,3,22,1093,5,59,26,9,0,190,2042,4437,PUDUCHERRY,2002,89.81,74.91,82.31,479.00,495417.02,495843.52,991785.78,331556.50,660229.28,1.39,1.24
PUDUCHERRY,2003,29,32,0,2,0,2,18,13,5,2,0,11,126,567,295,272,159,12,32,1,18,1053,1,56,27,4,0,182,2185,4517,PUDUCHERRY,2003,91.04,75.93,83.43,479.00,504037.28,504471.20,1009042.85,337325.58,671717.27,1.37,1.23
PUDUCHERRY,2004,25,18,14,4,0,4,10,8,2,0,0,1,86,634,322,312,147,7,35,2,9,974,6,50,30,2,0,176,2390,4620,PUDUCHERRY,2004,92.26,76.95,84.55,479.00,512555.51,512996.76,1026095.67,343026.38,683069.29,1.34,1.23
PUDUCHERRY,2005,19,24,8,6,0,6,6,3,3,1,0,5,67,466,235,231,159,8,41,0,9,857,4,60,26,6,0,224,2579,4575,PUDUCHERRY,2005,93.47,77.96,85.67,479.00,520858.90,521307.31,1042718.42,348583.41,694135.01,1.79,1.37
PUDUCHERRY,2006,30,24,3,9,0,9,18,13,5,2,0,3,84,560,320,240,194,6,36,2,22,927,3,56,39,19,0,209,2441,4687,PUDUCHERRY,2006,94.70,78.99,86.79,479.00,528880.13,529335.44,1058776.29,353951.59,704824.69,1.74,1.36
PUDUCHERRY,2007,34,42,2,9,0,9,20,14,6,1,2,8,86,787,498,289,145,6,45,1,18,904,2,89,32,17,0,267,2537,5054,PUDUCHERRY,2007,95.92,80.00,87.91,479.00,536707.56,537169.60,1074446.17,359190.08,715256.10,1.69,1.34
PUDUCHERRY,2008,35,35,3,8,0,8,17,9,8,10,3,10,90,688,443,245,165,13,53,2,9,873,2,65,21,12,0,207,2668,4989,PUDUCHERRY,2008,97.14,81.02,89.02,479.00,544382.48,544851.13,1089810.76,364326.49,725484.26,1.62,1.32
PUDUCHERRY,2009,37,25,5,1,0,1,18,13,5,7,5,9,71,711,502,209,141,7,47,5,11,901,0,53,16,10,0,233,2278,4591,PUDUCHERRY,2009,98.36,82.04,90.15,479.00,552003.83,552479.05,1105068.11,369427.07,735641.04,1.54,1.31
PUDUCHERRY,2010,33,19,16,3,0,3,17,14,3,2,10,5,72,534,384,150,131,12,77,3,10,806,1,46,22,7,0,242,1867,3935,PUDUCHERRY,2010,99.58,83.06,91.26,479.00,559676.68,560158.50,1120428.55,374562.10,745866.45,1.48,1.29
PUDUCHERRY,2011,32,22,12,7,0,7,12,9,3,5,10,11,65,707,511,196,125,9,54,4,10,853,1,35,16,10,0,243,2119,4362,PUDUCHERRY,2011,100.81,84.08,92.39,479.00,567344.25,567832.68,1135778.42,379693.60,756084.82,1.43,1.27
PUNJAB,2001,738,789,80,298,0,298,513,324,189,45,84,131,1902,3023,1204,1819,1,368,2621,58,63,3996,159,372,47,1128,0,2154,9204,27774,PUNJAB,2001,75.20,63.40,69.70,50362.00,12963362.00,11325934.00,24358999.00,16096488.00,8262511.00,1.40,1.26
PUNJAB,2002,733,728,79,299,0,299,551,354,197,50,83,110,1928,2963,1267,1696,2,373,2716,39,68,4453,166,341,145,944,0,2310,9713,28794,PUNJAB,2002,76.23,64.27,70.65,50362.00,13195406.18,11528668.22,24795025.08,16384615.14,8410409.95,1.39,1.24
PUNJAB,2003,731,644,89,380,0,380,464,295,169,30,117,108,2094,3198,1375,1823,0,343,3123,56,71,4124,110,346,199,987,0,2226,9316,28756,PUNJAB,2003,77.27,65.14,71.62,50362.00,13425006.25,11729267.05,25226458.52,16669707.44,8556751.08,1.37,1.23
PUNJAB,2004,775,716,148,390,0,390,463,311,152,17,79,86,1766,2587,1132,1455,16,313,2729,60,52,4402,113,261,38,801,0,2181,7637,25630,PUNJAB,2004,78.30,66.02,72.58,50362.00,13651888.85,11927491.66,25652785.67,16951425.49,8701360.17,1.34,1.23
PUNJAB,2005,713,723,216,398,0,398,478,329,149,27,103,85,1933,2924,1151,1773,1,306,2934,73,55,4267,99,308,43,729,0,2283,8438,27136,PUNJAB,2005,79.34,66.89,73.53,50362.00,13873049.45,12120717.02,26068360.80,17226038.59,8842322.21,1.79,1.37
PUNJAB,2006,817,898,165,442,0,442,591,418,173,35,90,142,2277,3946,1561,2385,3,281,3393,66,68,5104,130,314,60,801,2,2919,9524,32068,PUNJAB,2006,80.38,67.76,74.50,50362.00,14086694.41,12307376.07,26469813.55,17491319.58,8978493.97,1.74,1.36
PUNJAB,2007,760,893,170,519,0,519,760,545,215,37,92,138,2616,5173,2084,3089,1,329,3581,68,96,5663,133,427,48,971,0,2801,10517,35793,PUNJAB,2007,81.41,68.64,75.46,50362.00,14295177.49,12489525.23,26861566.79,17750191.11,9111375.68,1.69,1.34
PUNJAB,2008,769,956,146,517,0,517,718,514,204,40,122,167,2621,5563,2182,3381,1,236,3192,78,75,5597,128,388,49,984,0,2845,10122,35314,PUNJAB,2008,82.45,69.51,76.42,50362.00,14499598.53,12668125.44,27245687.20,18004018.84,9241668.35,1.62,1.32
PUNJAB,2009,853,1014,129,511,0,511,692,513,179,38,96,171,2507,5624,2713,2911,8,234,3098,63,101,5498,126,319,33,1061,0,3289,10080,35545,PUNJAB,2009,83.48,70.38,77.38,50362.00,14702592.91,12845479.20,27627126.82,18256075.11,9371051.71,1.54,1.31
PUNJAB,2010,907,994,120,546,0,546,789,576,213,65,143,241,2661,5446,2467,2979,0,243,3527,75,101,4873,121,349,38,1163,0,3350,10896,36648,PUNJAB,2010,84.52,71.26,78.34,50362.00,14906958.95,13024031.36,28011143.88,18509834.55,9501309.33,1.48,1.29
PUNJAB,2011,842,997,112,479,0,479,681,517,164,28,143,236,2488,4784,2107,2677,0,281,3571,58,83,4757,143,282,31,1136,0,3576,10175,34883,PUNJAB,2011,85.56,72.13,79.30,50362.00,15111184.29,13202460.59,28394896.55,18763419.29,9631477.27,1.43,1.27
RAJASTHAN,2001,1259,1923,63,1049,0,1049,2718,2165,553,60,40,889,7284,16939,4324,12615,11214,1026,6644,89,1092,27485,376,2878,56,5532,1,4221,62347,155185,RAJASTHAN,2001,75.70,73.90,60.40,342239.00,29381657.00,27091465.00,56507188.00,43292813.00,13214375.00,1.40,1.26
RAJASTHAN,2002,1276,2043,68,1051,0,1051,2587,2019,568,47,33,734,6661,16313,4706,11607,7178,938,7286,63,1130,26519,399,2730,44,5691,0,4670,63787,151248,RAJASTHAN,2002,76.74,74.91,61.23,342239.00,29907588.66,27576402.22,57518666.67,44067754.35,13450912.31,1.39,1.24
RAJASTHAN,2003,1262,1977,61,1050,0,1050,2238,1750,488,36,41,655,6072,16456,5491,10965,4052,902,7225,58,784,26173,389,2715,33,5733,1,5074,62592,145579,RAJASTHAN,2003,77.78,75.93,62.06,342239.00,30427980.70,28056231.62,58519491.47,44834533.28,13684958.19,1.37,1.23
RAJASTHAN,2004,1279,2030,59,1038,0,1038,2384,1881,503,58,46,673,5911,18842,6648,12194,3101,885,8333,65,835,25947,379,2825,41,6781,1,5579,67767,154859,RAJASTHAN,2004,78.82,76.95,62.89,342239.00,30942213.58,28530381.94,59508470.87,45592236.89,13916233.98,1.34,1.23
RAJASTHAN,2005,1221,1920,59,993,0,993,1993,1549,444,41,79,590,5227,17898,6723,11175,2290,613,8341,88,648,22606,361,2503,28,5997,0,5872,61549,140917,RAJASTHAN,2005,79.86,77.96,63.72,342239.00,31443477.44,28992574.12,60472508.10,46330831.13,14141676.97,1.79,1.37
RAJASTHAN,2006,1209,1694,79,1085,0,1085,1970,1553,417,37,97,631,5085,17889,7276,10613,1767,694,10191,56,551,21296,394,2582,31,7038,3,6234,61379,141992,RAJASTHAN,2006,80.91,78.99,64.56,342239.00,31927706.99,29439059.77,61403784.72,47044325.93,14359458.80,1.74,1.36
RAJASTHAN,2007,1303,1772,64,1238,0,1238,2177,1694,483,71,81,778,5164,19345,8258,11087,1626,825,11919,56,675,19720,439,2477,28,8170,0,7096,63846,148870,RAJASTHAN,2007,81.95,80.00,65.39,342239.00,32400237.05,29874757.85,62312560.74,47740581.95,14571978.79,1.69,1.34
RAJASTHAN,2008,1297,1649,54,1355,0,1355,2358,1863,495,64,77,829,4736,20411,9857,10554,1390,737,12097,51,615,21117,439,2520,19,8113,0,7322,63924,151174,RAJASTHAN,2008,82.99,81.02,66.22,342239.00,32863560.44,30301966.89,63203630.36,48423272.27,14780358.08,1.62,1.32
RAJASTHAN,2009,1395,1673,80,1519,0,1519,2870,2310,560,53,57,886,5294,22144,12156,9988,1145,842,15037,59,556,21652,436,2485,24,10371,0,7898,70089,166565,RAJASTHAN,2009,84.04,82.04,67.05,342239.00,33323650.29,30726194.42,64088481.18,49101198.09,14987283.10,1.54,1.31
RAJASTHAN,2010,1421,1557,104,1571,0,1571,2985,2477,508,37,84,872,4714,22324,13245,9079,986,789,16584,36,478,19247,462,2339,23,11145,0,7978,67221,162957,RAJASTHAN,2010,85.08,83.06,67.89,342239.00,33786849.03,31153288.53,64979311.07,49783704.74,15195606.33,1.48,1.29
RAJASTHAN,2011,1461,1566,100,1800,0,1800,3204,2713,491,28,72,727,4510,21099,12566,8533,751,741,17497,56,473,17977,514,2447,9,12218,0,8122,70250,165622,RAJASTHAN,2011,86.13,84.08,68.72,342239.00,34249728.86,31580088.58,65869527.63,50465741.49,15403786.14,1.43,1.27
SIKKIM,2001,19,11,7,8,0,8,6,2,4,0,0,3,76,74,6,68,3,1,13,0,1,35,0,0,14,0,0,7,166,444,SIKKIM,2001,76.00,60.40,68.80,7096.00,288217.00,252276.00,540851.00,480981.00,59870.00,1.40,1.26
SIKKIM,2002,13,5,2,6,0,6,9,2,7,0,0,5,66,64,5,59,15,3,48,0,2,50,0,17,0,3,0,7,170,485,SIKKIM,2002,77.04,61.23,69.74,7096.00,293376.08,256791.74,550532.23,489590.56,60941.67,1.39,1.24
SIKKIM,2003,14,7,3,10,0,10,0,0,0,2,0,3,48,65,3,62,10,7,12,3,2,56,0,25,0,1,0,18,157,443,SIKKIM,2003,78.09,62.06,70.69,7096.00,298480.83,261259.92,560111.49,498109.44,62002.06,1.37,1.23
SIKKIM,2004,16,8,3,3,0,3,5,4,1,0,0,5,64,73,6,67,76,4,22,1,7,78,0,40,0,1,0,29,196,631,SIKKIM,2004,79.14,62.89,71.64,7096.00,303525.15,265675.21,569577.38,506527.49,63049.89,1.34,1.23
SIKKIM,2005,8,16,2,18,0,18,3,2,1,2,0,4,85,81,5,76,19,4,44,2,3,99,0,38,0,4,0,53,67,552,SIKKIM,2005,80.18,63.72,72.58,7096.00,308442.26,269979.15,578804.53,514733.23,64071.30,1.79,1.37
SIKKIM,2006,21,16,2,20,0,20,8,7,1,0,0,9,84,113,8,105,12,10,37,1,1,96,0,14,0,6,0,39,214,703,SIKKIM,2006,81.23,64.56,73.53,7096.00,313192.27,274136.83,587718.12,522660.12,65058.00,1.74,1.36
SIKKIM,2007,9,14,3,24,0,24,9,9,0,0,0,6,83,118,11,107,15,7,34,3,1,95,0,13,0,7,0,34,192,667,SIKKIM,2007,82.28,65.39,74.48,7096.00,317827.52,278194.05,596416.35,530395.49,66020.86,1.69,1.34
SIKKIM,2008,9,7,3,20,0,20,4,4,0,1,0,7,81,127,9,118,17,6,46,0,23,100,0,19,0,5,0,40,215,730,SIKKIM,2008,83.32,66.22,75.43,7096.00,322372.45,282172.23,604945.10,537980.15,66964.96,1.62,1.32
SIKKIM,2009,19,7,3,18,0,18,6,6,0,0,0,4,93,62,8,54,39,4,12,2,9,91,0,10,0,6,0,59,225,669,SIKKIM,2009,84.37,67.05,76.38,7096.00,326885.67,286122.64,613414.33,545511.87,67902.47,1.54,1.31
SIKKIM,2010,17,6,2,18,0,18,6,6,0,1,0,7,72,53,8,45,4,1,20,3,7,73,1,11,0,3,0,47,200,552,SIKKIM,2010,85.42,67.89,77.33,7096.00,331429.38,290099.74,621940.79,553094.48,68846.31,1.48,1.29
SIKKIM,2011,14,7,8,16,0,16,10,10,0,0,0,5,60,72,8,64,25,4,31,3,4,75,0,24,0,4,0,57,177,596,SIKKIM,2011,86.47,68.72,78.28,7096.00,335969.96,294074.11,630461.38,560671.88,69789.50,1.43,1.27
TAMIL NADU,2001,1662,2204,19,423,0,423,952,607,345,158,6,672,5965,16709,4478,12231,5196,360,2139,104,980,28429,191,1773,1012,815,14,8550,76468,154801,TAMIL NADU,2001,82.40,64.40,73.50,130058.00,31268654.00,30842185.00,62405679.00,34921681.00,27483998.00,1.40,1.26
TAMIL NADU,2002,1723,2133,36,534,0,534,1001,714,287,176,25,653,5533,18755,4671,14084,4252,288,2017,121,850,25150,243,1877,1718,1052,0,10125,88680,166942,TAMIL NADU,2002,83.53,65.28,74.51,130058.00,31828362.91,31394260.11,63522740.65,35546779.09,27975961.56,1.39,1.24
TAMIL NADU,2003,1591,1843,28,557,1,556,879,632,247,95,43,514,4849,18213,4581,13632,3706,307,1904,63,791,30228,220,2022,881,1555,1,9112,77784,157186,TAMIL NADU,2003,84.66,66.17,75.52,130058.00,32382176.42,31940520.24,64628036.34,36165293.05,28462743.30,1.37,1.23
TAMIL NADU,2004,1479,1772,26,618,0,618,870,692,178,72,54,464,4147,17530,3996,13534,3433,268,2121,40,662,30855,225,1861,1081,1437,0,9152,88439,166606,TAMIL NADU,2004,85.80,67.06,76.53,130058.00,32929435.20,32480315.03,65720250.16,36776486.50,28943763.66,1.34,1.23
TAMIL NADU,2005,1440,1759,28,571,1,570,1029,783,246,73,0,437,3738,15851,3583,12268,2551,239,2694,40,495,31725,215,1764,665,1650,0,8902,86494,162360,TAMIL NADU,2005,86.93,67.94,77.54,130058.00,33462892.05,33006496.13,66784918.21,37372265.58,29412652.63,1.79,1.37
TAMIL NADU,2006,1363,1599,20,457,0,457,906,718,188,95,4,450,3300,13651,2877,10774,1838,194,2116,63,460,14067,187,1179,852,1248,0,10792,94131,148972,TAMIL NADU,2006,88.07,68.83,78.56,130058.00,33978220.59,33514796.17,67813405.95,37947798.47,29865607.48,1.74,1.36
TAMIL NADU,2007,1633,2078,28,523,0,523,1270,1097,173,88,33,495,3717,13217,2901,10316,2375,261,2510,74,653,16967,208,1540,875,1976,0,11485,110748,172754,TAMIL NADU,2007,89.21,69.72,79.57,130058.00,34481098.26,34010815.16,68817044.36,38509425.89,30307618.47,1.69,1.34
TAMIL NADU,2008,1759,2327,28,573,0,573,1375,1160,215,100,66,662,3849,15019,3722,11297,2811,231,2349,599,610,20529,207,1705,974,1648,0,12328,107084,176833,TAMIL NADU,2008,90.34,70.61,80.58,130058.00,34974177.96,34497169.81,69801128.09,39060110.68,30741017.41,1.62,1.32
TAMIL NADU,2009,1776,2325,26,596,0,596,1372,1133,239,97,34,1144,4221,15712,4973,10739,2397,215,2557,352,580,18147,194,1242,501,1460,0,13528,106215,174691,TAMIL NADU,2009,91.48,71.49,81.60,130058.00,35463816.45,34980130.19,70778343.88,39606952.23,31171391.66,1.54,1.31
TAMIL NADU,2010,1875,2641,32,686,0,686,1720,1464,256,85,12,1817,4715,14583,5045,9538,2664,177,3259,312,636,21309,165,1405,638,1570,0,14644,110733,185678,TAMIL NADU,2010,92.61,72.38,82.61,130058.00,35956763.50,35466354.00,71762162.86,40157488.86,31604674.00,1.48,1.29
TAMIL NADU,2011,1877,2962,28,677,0,677,1984,1743,241,101,11,2066,4848,13924,4911,9013,3009,238,3872,275,706,21167,152,1467,464,1812,0,16076,115163,192879,TAMIL NADU,2011,93.75,73.27,83.63,130058.00,36449371.16,35952243.05,72745304.50,40707646.46,32037658.04,1.43,1.27
TRIPURA,2001,240,25,0,102,0,102,93,35,58,26,0,63,198,259,6,253,138,4,17,6,31,412,16,58,0,227,0,31,855,2801,TRIPURA,2001,81.00,64.40,73.20,10486.00,1636138.00,1555030.00,3199203.00,2653453.00,545750.00,1.40,1.26
TRIPURA,2002,201,38,1,108,0,108,128,48,80,29,0,56,192,270,51,219,180,12,20,7,40,518,16,128,0,236,0,46,849,3075,TRIPURA,2002,82.11,65.28,74.20,10486.00,1665424.87,1582865.04,3256468.73,2700949.81,555518.93,1.39,1.24
TRIPURA,2003,254,87,0,114,0,114,146,29,117,36,0,69,167,276,10,266,274,3,25,3,83,534,20,127,0,247,0,109,940,3514,TRIPURA,2003,83.23,66.17,75.21,10486.00,1694403.26,1610406.89,3313131.29,2747946.34,565184.95,1.37,1.23
TRIPURA,2004,189,36,0,160,0,160,99,54,45,27,2,46,166,260,49,211,148,17,34,12,24,452,20,134,0,302,0,85,868,3081,TRIPURA,2004,84.34,67.06,76.22,10486.00,1723038.68,1637622.77,3369123.21,2794386.63,574736.58,1.34,1.23
TRIPURA,2005,121,56,1,162,0,162,85,43,42,22,0,61,170,325,62,263,148,32,59,16,35,429,34,161,1,439,0,188,811,3356,TRIPURA,2005,85.45,67.94,77.23,10486.00,1750951.90,1664152.25,3423703.00,2839655.69,584047.31,1.79,1.37
TRIPURA,2006,154,52,1,189,0,189,105,62,43,18,1,71,182,392,31,361,154,23,84,12,35,464,35,207,0,471,0,199,1091,3940,TRIPURA,2006,86.57,68.83,78.24,10486.00,1777916.56,1689780.20,3476428.03,2883386.39,593041.64,1.74,1.36
TRIPURA,2007,138,58,2,157,0,157,113,81,32,14,2,64,193,411,55,356,142,42,85,10,23,546,36,244,4,545,0,203,1241,4273,TRIPURA,2007,87.69,69.72,79.25,10486.00,1804229.73,1714788.95,3527879.17,2926060.51,601818.66,1.69,1.34
TRIPURA,2008,155,53,2,204,0,204,146,110,36,13,3,95,218,499,43,456,197,42,92,23,47,924,16,346,4,735,0,195,1327,5336,TRIPURA,2008,88.80,70.61,80.25,10486.00,1830030.21,1739310.43,3578327.84,2967903.17,610424.66,1.62,1.32
TRIPURA,2009,133,59,2,190,0,190,121,92,29,7,0,77,231,415,39,376,178,52,110,20,62,1047,29,384,5,815,0,225,1324,5486,TRIPURA,2009,89.92,71.49,81.26,10486.00,1855650.64,1763660.77,3628424.43,3009453.82,618970.61,1.54,1.31
TRIPURA,2010,150,63,8,238,0,238,114,91,23,16,2,65,221,457,64,393,163,53,122,6,51,1136,25,376,9,937,0,237,1356,5805,TRIPURA,2010,91.04,72.38,82.27,10486.00,1881444.18,1788175.66,3678859.53,3051285.23,627574.30,1.48,1.29
TRIPURA,2011,163,75,0,205,0,205,154,116,38,11,0,50,227,494,59,435,175,54,99,9,58,1340,30,294,9,702,0,14,1640,5803,TRIPURA,2011,92.16,73.27,83.28,10486.00,1907219.97,1812673.66,3729259.90,3093087.83,636172.07,1.43,1.27
UTTAR PRADESH,2001,7601,7964,1186,1958,0,1958,4330,2879,1451,905,38,3825,8411,27011,6189,20822,7343,3430,5363,147,812,17816,2211,2870,2575,7365,0,7129,57839,178129,UTTAR PRADESH,2001,68.80,42.20,56.30,240928.00,87466301.00,78586558.00,166052859.00,6310275.00,2179074.00,1.40,1.26
UTTAR PRADESH,2002,6825,6283,1243,1415,1,1414,3430,2298,1132,552,59,2840,6126,22419,6353,16066,4878,2738,5026,127,643,13947,1893,2145,1887,5679,0,7313,48569,146037,UTTAR PRADESH,2002,69.74,42.78,57.07,240928.00,89031947.79,79993257.39,169025205.18,6423228.92,2218079.42,1.39,1.24
UTTAR PRADESH,2003,5284,3793,1525,911,0,911,2208,1499,709,317,196,1988,4016,15751,5605,10146,2251,1746,2911,226,297,7760,1322,1098,4970,2626,0,4428,29449,95073,UTTAR PRADESH,2003,70.69,43.36,57.85,240928.00,90581103.68,81385140.07,171966243.75,6534993.11,2256674.01,1.37,1.23
UTTAR PRADESH,2004,6126,5580,1436,1397,0,1397,3337,2324,1013,378,98,2606,5299,22524,8452,14072,3915,2377,4184,188,381,11265,1708,1900,2682,4950,3,7136,40711,130181,UTTAR PRADESH,2004,71.64,43.94,58.62,240928.00,92111924.33,82760548.93,174872473.27,6645434.49,2294811.80,1.34,1.23
UTTAR PRADESH,2005,5711,5637,1520,1217,0,1217,2955,2256,699,286,89,2049,4556,20695,8647,12048,3926,2524,4556,261,398,10379,1564,1835,2881,4505,0,7406,37158,122108,UTTAR PRADESH,2005,72.58,44.52,59.40,240928.00,93604137.51,84101269.83,177705407.33,6753090.53,2331987.75,1.79,1.37
UTTAR PRADESH,2006,5480,4997,1543,1314,0,1314,3318,2551,767,218,86,2024,4577,20447,9621,10826,3774,2509,5142,278,299,10412,1798,2096,2714,5204,0,7235,41536,127001,UTTAR PRADESH,2006,73.53,45.10,60.17,240928.00,95045641.22,85396429.38,180442070.61,6857088.12,2367900.36,1.74,1.36
UTTAR PRADESH,2007,5000,4424,1616,1648,0,1648,4478,3363,1115,437,82,2169,5057,22816,10859,11957,4495,3639,8399,337,268,10694,2076,2522,2882,7650,0,7655,51914,150258,UTTAR PRADESH,2007,74.48,45.69,60.95,240928.00,96452316.71,86660296.54,183112613.25,6958573.03,2402945.29,1.69,1.34
UTTAR PRADESH,2008,4564,4233,1493,1871,0,1871,5428,4439,989,313,76,2097,5418,25946,12064,13882,4381,4296,9327,420,228,11683,2237,2955,3374,8312,0,10102,60242,168996,UTTAR PRADESH,2008,75.43,46.27,61.72,240928.00,97831584.84,87899538.78,185731123.62,7058080.62,2437307.40,1.62,1.32
UTTAR PRADESH,2009,4534,4141,1439,1759,0,1759,6083,5078,1005,365,59,2285,5260,29226,16109,13117,4263,3917,8845,339,254,10934,2232,2782,2524,8566,0,12159,60918,172884,UTTAR PRADESH,2009,76.38,46.85,62.50,240928.00,99201227.03,89130132.32,188331359.35,7156893.75,2471429.71,1.54,1.31
UTTAR PRADESH,2010,4401,4004,1401,1563,1,1562,6321,5468,853,337,48,2577,4915,31153,18216,12937,4186,3817,9553,426,170,10336,2217,2793,11,7978,0,14472,61500,174179,UTTAR PRADESH,2010,77.33,47.43,63.28,240928.00,100580124.09,90369041.16,190949165.25,7256374.57,2505782.58,1.48,1.29
UTTAR PRADESH,2011,4951,4653,1454,2042,0,2042,8500,7525,975,379,39,3148,5765,36683,21363,15320,5022,3721,9941,270,477,12234,2322,3455,3,7121,0,14380,68575,195135,UTTAR PRADESH,2011,78.28,48.01,64.06,240928.00,101958071.79,91607097.02,193565168.81,7355786.90,2540111.80,1.43,1.27
UTTARAKHAND,2001,316,279,38,74,0,74,183,126,57,32,3,191,533,1419,374,1045,440,171,318,4,30,830,56,103,84,301,0,441,2227,8073,UTTARAKHAND,2001,83.30,59.60,71.60,53483.00,4316401.00,4163161.00,166197921.00,131658339.00,34539582.00,1.40,1.26
UTTARAKHAND,2002,292,249,47,89,0,89,198,155,43,32,6,177,554,1365,374,991,342,145,312,8,40,760,66,145,97,316,1,440,2295,7976,UTTARAKHAND,2002,84.44,60.42,72.58,53483.00,4393664.58,4237681.58,169172863.79,134015023.27,35157840.52,1.39,1.24
UTTARAKHAND,2003,268,236,31,107,0,107,171,134,37,26,3,160,557,1368,400,968,392,138,379,8,33,687,93,136,98,317,0,362,2353,7923,UTTARAKHAND,2003,85.59,61.24,73.57,53483.00,4470114.34,4311417.24,172116471.62,136346884.67,35769586.94,1.37,1.23
UTTARAKHAND,2004,262,247,29,115,0,115,213,127,86,37,1,165,566,1597,500,1097,444,157,372,13,28,865,82,143,110,405,0,464,2319,8634,UTTARAKHAND,2004,86.74,62.06,74.55,53483.00,4545659.27,4384280.19,175025239.99,138651147.02,36374092.96,1.34,1.23
UTTARAKHAND,2005,279,202,30,133,0,133,203,125,78,48,0,159,521,1630,533,1097,433,144,396,22,24,745,63,100,89,272,0,462,2078,8033,UTTARAKHAND,2005,87.88,62.88,75.54,53483.00,4619298.95,4455305.53,177860648.87,140897295.61,36963353.27,1.79,1.37
UTTARAKHAND,2006,274,215,40,147,0,147,212,183,29,31,2,157,470,1696,525,1171,489,95,514,14,39,854,80,153,113,358,0,524,1935,8412,UTTARAKHAND,2006,89.03,63.70,76.53,53483.00,4690436.16,4523917.24,180599702.87,143067113.96,37532588.91,1.74,1.36
UTTARAKHAND,2007,268,228,50,117,0,117,253,227,26,46,6,173,548,1593,565,1028,459,163,697,39,37,886,70,146,63,463,0,608,2686,9599,UTTARAKHAND,2007,90.18,64.52,77.51,53483.00,4759854.61,4590871.21,183272578.47,145184507.24,38088071.22,1.69,1.34
UTTARAKHAND,2008,223,217,40,87,0,87,247,222,25,16,2,144,423,1622,726,896,509,171,463,31,15,937,73,120,306,340,0,590,2280,8856,UTTARAKHAND,2008,91.33,65.34,78.50,53483.00,4827920.53,4656520.67,185893376.34,147260645.70,38632730.64,1.62,1.32
UTTARAKHAND,2009,195,185,51,111,0,111,275,247,28,35,7,179,363,1601,735,866,466,156,544,43,17,1198,94,119,249,361,0,685,1868,8802,UTTARAKHAND,2009,92.48,66.17,79.49,53483.00,4895511.42,4721711.96,188495883.61,149322294.74,39173588.87,1.54,1.31
UTTARAKHAND,2010,176,219,60,121,0,121,286,249,37,12,2,162,310,2138,871,1267,458,167,567,33,17,974,75,125,165,334,0,738,2101,9240,UTTARAKHAND,2010,93.62,66.99,80.47,53483.00,4963559.03,4787343.76,191115976.39,151397874.63,39718101.76,1.48,1.29
UTTARAKHAND,2011,178,189,54,129,0,129,314,283,31,13,1,179,342,2093,840,1253,401,115,519,26,17,852,83,116,72,307,0,696,2078,8774,UTTARAKHAND,2011,94.78,67.81,81.46,53483.00,5031559.79,4852930.37,193734265.27,153472025.52,40262239.75,1.43,1.27
WEST BENGAL,2001,1594,449,581,709,0,709,875,695,180,274,421,660,426,14245,2562,11683,3095,486,1216,102,102,3658,265,954,48,3859,3,2281,25260,61563,WEST BENGAL,2001,77.00,59.60,68.60,88752.00,41487694.00,38733477.00,80176197.00,57748946.00,22427251.00,1.40,1.26
WEST BENGAL,2002,1444,413,540,759,0,759,831,694,137,204,646,544,348,12449,2458,9991,2461,451,1315,98,114,3112,273,964,34,4069,1,2703,25189,58962,WEST BENGAL,2002,78.05,60.42,69.54,88752.00,42230323.72,39426806.24,81611350.93,58782652.13,22828698.79,1.39,1.24
WEST BENGAL,2003,1425,400,484,1002,0,1002,902,801,101,217,883,598,342,12613,2581,10032,2596,378,1534,153,87,4172,329,1186,71,4948,1,2300,24553,61174,WEST BENGAL,2003,79.12,61.24,70.49,88752.00,42965131.36,40112832.67,83031388.43,59805470.28,23225918.15,1.37,1.23
WEST BENGAL,2004,1425,390,468,1475,0,1475,1200,1018,182,212,943,535,547,14465,2668,11797,2691,425,1686,125,103,3867,396,1566,64,6334,12,2995,27426,69350,WEST BENGAL,2004,80.18,62.06,71.43,88752.00,43691242.08,40790739.54,84434618.90,60816182.73,23618436.17,1.34,1.23
WEST BENGAL,2005,1453,434,408,1686,0,1686,1207,1039,168,211,1221,426,739,12124,2435,9689,2635,528,1760,107,92,4125,446,1572,54,6936,61,2737,25444,66406,WEST BENGAL,2005,81.23,62.88,72.37,88752.00,44399040.20,41451549.52,85802459.72,61801404.89,24001054.83,1.79,1.37
WEST BENGAL,2006,1425,672,401,1731,0,1731,1355,1199,156,177,1263,426,601,12532,2714,9818,2385,519,1947,135,111,6299,445,1837,63,7414,1,3039,23274,68052,WEST BENGAL,2006,82.30,63.70,73.32,88752.00,45082785.42,42089903.38,87123817.60,62753146.52,24370671.08,1.74,1.36
WEST BENGAL,2007,1652,877,394,2106,0,2106,1800,1590,210,146,1150,427,399,13747,2421,11326,3727,672,2406,127,121,6909,451,2281,99,9900,5,3803,27903,81102,WEST BENGAL,2007,83.36,64.52,74.27,88752.00,45750010.64,42712833.95,88413250.10,63681893.09,24731357.01,1.69,1.34
WEST BENGAL,2008,1811,1732,488,2263,0,2263,2332,1907,425,184,1055,613,462,17334,2593,14741,5425,876,2938,148,150,9033,451,2396,94,13663,5,3789,38177,105419,WEST BENGAL,2008,84.42,65.34,75.21,88752.00,46404235.79,43323627.48,89677559.58,64592544.16,25085015.42,1.62,1.32
WEST BENGAL,2009,2068,2119,931,2336,0,2336,2750,2187,563,214,724,751,329,17133,3709,13424,6700,918,3298,153,344,11196,506,1942,108,16112,5,3623,38776,113036,WEST BENGAL,2009,85.48,66.17,76.16,88752.00,47053895.09,43930158.26,90933045.41,65496839.78,25436205.63,1.54,1.31
WEST BENGAL,2010,2398,2111,630,2311,0,2311,3345,2764,581,288,687,798,388,19389,4123,15266,6809,1011,3260,214,331,12764,507,2465,163,17796,8,2847,49096,129616,WEST BENGAL,2010,86.54,66.99,77.10,88752.00,47707944.24,44540787.46,92197014.75,66407245.85,25789768.89,1.48,1.29
WEST BENGAL,2011,2109,2242,486,2363,0,2363,4285,3711,574,236,939,760,455,21446,4642,16804,6019,1264,4171,207,413,13094,510,2363,200,19772,0,3249,56614,143197,WEST BENGAL,2011,87.61,67.81,78.05,88752.00,48361543.07,45150996.25,93460113.85,67317025.12,26143088.72,1.43,1.27
A & N ISLANDS,2001,13,0,0,3,0,3,2,2,0,0,0,4,64,65,4,61,13,10,8,2,4,118,0,19,1,9,0,0,323,658,A & N ISLANDS,2001,86.30,75.20,81.30,8249.00,192985.00,163280.00,356152.00,239954.00,116198.00,1.40,1.26
A & N ISLANDS,2002,17,3,1,2,0,2,2,1,1,1,0,7,49,49,2,47,11,4,11,0,2,97,0,17,3,4,0,0,328,608,A & N ISLANDS,2002,87.48,76.23,82.41,8249.00,196439.43,166202.71,362527.12,244249.18,118277.94,1.39,1.24
A & N ISLANDS,2003,21,4,1,2,0,2,2,2,0,2,0,7,56,60,3,57,19,3,13,0,8,110,0,9,2,7,0,0,318,644,A & N ISLANDS,2003,88.67,77.27,83.53,8249.00,199857.48,169094.64,368835.09,248499.11,120335.98,1.37,1.23
A & N ISLANDS,2004,15,1,2,10,0,10,3,3,0,0,0,3,69,103,9,94,9,0,12,0,9,105,0,6,3,5,0,6,387,748,A & N ISLANDS,2004,89.86,78.30,84.65,8249.00,203235.07,171952.34,375068.41,252698.75,122369.66,1.34,1.23
A & N ISLANDS,2005,14,3,3,4,0,4,2,1,1,0,0,4,68,92,6,86,4,8,13,0,6,79,0,11,1,5,0,3,362,682,A & N ISLANDS,2005,91.05,79.34,85.77,8249.00,206527.48,174737.97,381144.51,256792.47,124352.05,1.79,1.37
A & N ISLANDS,2006,4,4,1,6,0,6,5,5,0,0,0,5,82,101,6,95,10,3,15,4,9,78,0,14,4,7,0,2,322,676,A & N ISLANDS,2006,92.24,80.38,86.90,8249.00,209708.00,177428.93,387014.14,260747.07,126267.07,1.74,1.36
A & N ISLANDS,2007,15,19,1,3,0,3,12,9,3,5,0,9,90,112,8,104,17,7,23,1,11,99,1,21,2,18,0,4,337,807,A & N ISLANDS,2007,93.43,81.41,88.02,8249.00,212811.68,180054.88,392741.95,264606.13,128135.82,1.69,1.34
A & N ISLANDS,2008,8,11,2,12,0,12,17,13,4,0,0,14,78,128,11,117,16,12,19,1,15,107,2,24,3,26,0,4,383,882,A & N ISLANDS,2008,94.62,82.45,89.13,8249.00,215854.89,182629.66,398358.16,268390.00,129968.16,1.62,1.32
A & N ISLANDS,2009,15,4,4,18,0,18,16,14,2,0,0,11,86,134,10,124,11,7,20,2,12,89,1,30,7,21,0,2,451,941,A & N ISLANDS,2009,95.81,83.48,90.26,8249.00,218876.85,185186.48,403935.17,272147.46,131787.72,1.54,1.31
A & N ISLANDS,2010,9,7,4,24,0,24,10,8,2,1,0,7,80,121,22,99,11,10,56,0,12,80,0,31,10,9,0,9,489,980,A & N ISLANDS,2010,97.00,84.52,91.38,8249.00,221919.24,187760.57,409549.87,275930.30,133619.57,1.48,1.29
A & N ISLANDS,2011,14,6,2,13,0,13,15,12,3,1,0,1,99,88,4,84,11,3,32,0,6,81,0,15,3,5,0,6,392,793,A & N ISLANDS,2011,98.19,85.56,92.50,8249.00,224959.54,190332.89,415160.70,279710.55,135450.15,1.43,1.27
