STATE/UT,Year, LITERACY RATE %   (Male), LITERACY RATE % Female, LITERACY RATE %  Average,Area(km2),Population Male,Population Female,Population Total,Rural,Urban,predicted population increase rate  for next year,predicted literacy increase rate for next year
ANDHRA PRADESH,2001,70.3,50.4,60.50,191792.00,38286811.00,37440730.00,76210007.00,55401067.00,20808940.00,1.79,1.37
ARUNACHAL PRADESH,2001,63.80,43.50,54.30,83743.00,573951.00,517166.00,1091117.00,870087.00,227881.00,1.79,1.37
ASSAM,2001,71.30,54.60,63.30,78438.00,13787799.00,12850608.00,26655528.00,23216288.00,3439240.00,1.79,1.37
BIHAR,2001,59.70,33.10,47.00,94163.00,43153964.00,39724832.00,82998509.00,74316709.00,8681800.00,1.79,1.37
CHHATTISGARH,2001,77.40,51.90,64.70,135191.00,10452426.00,10343530.00,20833803.00,16648056.00,4185747.00,1.79,1.37
GOA,2001,88.40,75.40,81.10,3702.00,685617.00,658381.00,1347668.00,677091.00,670577.00,1.79,1.37
GUJARAT,2001,80.50,58.60,70.00,196024.00,26344053.00,24252939.00,50671017.00,31740767.00,18930250.00,1.79,1.37
HARYANA,2001,78.50,45.70,67.90,44212.00,11327658.00,9755331.00,21144564.00,15029260.00,6115304.00,1.79,1.37
HIMACHAL PRADESH,2001,85.40,67.40,76.50,55673.00,3085256.00,2991992.00,6077900.00,5482319.00,595581.00,1.79,1.37
JAMMU & KASHMIR,2001,66.60,43.00,55.50,42241.00,5300574.00,4769343.00,10143700.00,7627062.00,2516638.00,1.79,1.37
JHARKHAND,2001,67.30,38.90,53.60,79716.00,13861277.00,13048151.00,26945829.00,20952088.00,5993741.00,1.79,1.37
KARNATAKA,2001,76.10,56.90,66.60,191792.00,26856343.00,25877615.00,52850562.00,34889033.00,17961529.00,1.79,1.37
KERALA,2001,94.20,87.90,90.90,38863.00,15468664.00,16369955.00,31841374.00,23574449.00,8266925.00,1.79,1.37
MADHYA PRADESH,2001,76.10,50.30,63.70,308245.00,31456873.00,28928245.00,60348023.00,44380878.00,15967145.00,1.79,1.37
MAHARASHTRA,2001,86.00,67.00,67.90,307713.00,50334270.00,46417977.00,96878627.00,55777647.00,41100980.00,1.79,1.37
MANIPUR,2001,80.30,60.50,70.50,22327.00,1207338.00,1181296.00,2166788.00,1590820.00,575968.00,1.79,1.37
MEGHALAYA,2001,65.40,59.60,62.60,22429.00,1167840.00,1138229.00,2318822.00,1864711.00,454111.00,1.79,1.37
MIZORAM,2001,90.70,86.80,88.80,21081.00,459783.00,431275.00,891058.00,447567.00,441006.00,1.79,1.37
NAGALAND,2001,71.20,61.50,66.60,16579.00,1041686.00,946950.00,1990036.00,1647249.00,342787.00,1.79,1.37
ODISHA,2001,75.40,50.50,63.10,155707.00,18612340.00,18094580.00,36804660.00,31287422.00,5517238.00,1.79,1.37
PUNJAB,2001,75.20,63.40,69.70,50362.00,12963362.00,11325934.00,24358999.00,16096488.00,8262511.00,1.79,1.37
RAJASTHAN,2001,75.70,73.90,60.40,342239.00,29381657.00,27091465.00,56507188.00,43292813.00,13214375.00,1.79,1.37
SIKKIM,2001,76.00,60.40,68.80,7096.00,288217.00,252276.00,540851.00,480981.00,59870.00,1.79,1.37
TAMIL NADU,2001,82.40,64.40,73.50,130058.00,31268654.00,30842185.00,62405679.00,34921681.00,27483998.00,1.79,1.37
TRIPURA,2001,81.00,64.40,73.20,10486.00,1636138.00,1555030.00,3199203.00,2653453.00,545750.00,1.79,1.37
UTTAR PRADESH,2001,68.80,42.20,56.30,240928.00,87466301.00,78586558.00,166052859.00,6310275.00,2179074.00,1.79,1.37
UTTARAKHAND,2001,83.30,59.60,71.60,53483.00,4316401.00,4163161.00,166197921.00,131658339.00,34539582.00,1.79,1.37
WEST BENGAL,2001,77.00,59.60,68.60,88752.00,41487694.00,38733477.00,80176197.00,57748946.00,22427251.00,1.79,1.37
A & N ISLANDS,2001,86.30,75.20,81.30,8249.00,192985.00,163280.00,356152.00,239954.00,116198.00,1.79,1.37
CHANDIGARH,2001,86.10,76.50,81.90,114.00,508224.00,392690.00,900635.00,92120.00,808515.00,1.79,1.37
D & N HAVELI,2001,73.30,43.00,60.00,603.00,121731.00,98720.00,220490.00,170027.00,50463.00,1.79,1.37
DAMAN & DIU,2001,88.40,70.40,81.10,603.00,92478.00,65581.00,158204.00,100856.00,57348.00,1.79,1.37
DELHI,2001,87.30,74.70,81.70,1484.00,7570890.00,6212086.00,13850507.00,944727.00,12905780.00,1.79,1.37
LAKSHADWEEP,2001,92.50,80.50,86.70,36.00,31118.00,29477.00,60650.00,33683.00,26967.00,1.79,1.37
PUDUCHERRY,2001,88.60,73.90,81.20,479.00,486705.00,487124.00,974345.00,325726.00,648619.00,1.79,1.37
ANDHRA PRADESH,2002,71.26,51.09,61.33,191792.00,38972144.92,38110919.07,77574166.13,56392746.10,21181420.03,1.74,1.36
ARUNACHAL PRADESH,2002,64.67,44.10,55.04,83743.00,584224.72,526423.27,1110647.99,885661.56,231960.07,1.74,1.36
ASSAM,2002,72.28,55.35,64.17,78438.00,14034600.60,13080633.88,27132661.95,23631859.56,3500802.40,1.74,1.36
BIHAR,2002,60.52,33.55,47.64,94163.00,43926419.96,40435906.49,84484182.31,75646978.09,8837204.22,1.74,1.36
CHHATTISGARH,2002,78.46,52.61,65.59,135191.00,10639524.43,10528679.19,21206728.07,16946056.20,4260671.87,1.74,1.36
GOA,2002,89.61,76.43,82.21,3702.00,697889.54,670166.02,1371791.26,689210.93,682580.33,1.74,1.36
GUJARAT,2002,81.60,59.40,70.96,196024.00,26815611.55,24687066.61,51578028.20,32308926.73,19269101.48,1.74,1.36
HARYANA,2002,79.58,46.33,68.83,44212.00,11530423.08,9929951.42,21523051.70,15298283.75,6224767.94,1.74,1.36
HIMACHAL PRADESH,2002,86.57,68.32,77.55,55673.00,3140482.08,3045548.66,6186694.41,5580452.51,606241.90,1.74,1.36
JAMMU & KASHMIR,2002,67.51,43.59,56.26,42241.00,5395454.27,4854714.24,10325272.23,7763586.41,2561685.82,1.74,1.36
JHARKHAND,2002,68.22,39.43,54.33,79716.00,14109393.86,13281712.90,27428159.34,21327130.38,6101028.96,1.74,1.36
KARNATAKA,2002,77.14,57.68,67.51,191792.00,27337071.54,26340824.31,53796587.06,35513546.69,18283040.37,1.74,1.36
KERALA,2002,95.49,89.10,92.15,38863.00,15745553.09,16662977.19,32411334.59,23996431.64,8414902.96,1.74,1.36
MADHYA PRADESH,2002,77.14,50.99,64.57,308245.00,32019951.03,29446060.59,61428252.61,45175295.72,16252956.90,1.74,1.36
MAHARASHTRA,2002,87.18,67.92,68.83,307713.00,51235253.43,47248858.79,98612754.42,56776066.88,41836687.54,1.74,1.36
MANIPUR,2002,81.40,61.33,71.47,22327.00,1228949.35,1202441.20,2205573.51,1619295.68,586277.83,1.74,1.36
MEGHALAYA,2002,66.30,60.42,63.46,22429.00,1188744.34,1158603.30,2360328.91,1898089.33,462239.59,1.74,1.36
MIZORAM,2002,91.94,87.99,90.02,21081.00,468013.12,438994.82,907007.94,455578.45,448900.01,1.74,1.36
NAGALAND,2002,72.18,62.34,67.51,16579.00,1060332.18,963900.41,2025657.64,1676734.76,348922.89,1.74,1.36
ODISHA,2002,76.43,51.19,63.96,155707.00,18945500.89,18418472.98,37463463.41,31847466.85,5615996.56,1.74,1.36
PUNJAB,2002,76.23,64.27,70.65,50362.00,13195406.18,11528668.22,24795025.08,16384615.14,8410409.95,1.74,1.36
RAJASTHAN,2002,76.74,74.91,61.23,342239.00,29907588.66,27576402.22,57518666.67,44067754.35,13450912.31,1.74,1.36
SIKKIM,2002,77.04,61.23,69.74,7096.00,293376.08,256791.74,550532.23,489590.56,60941.67,1.74,1.36
TAMIL NADU,2002,83.53,65.28,74.51,130058.00,31828362.91,31394260.11,63522740.65,35546779.09,27975961.56,1.74,1.36
TRIPURA,2002,82.11,65.28,74.20,10486.00,1665424.87,1582865.04,3256468.73,2700949.81,555518.93,1.74,1.36
UTTAR PRADESH,2002,69.74,42.78,57.07,240928.00,89031947.79,79993257.39,169025205.18,6423228.92,2218079.42,1.74,1.36
UTTARAKHAND,2002,84.44,60.42,72.58,53483.00,4393664.58,4237681.58,169172863.79,134015023.27,35157840.52,1.74,1.36
WEST BENGAL,2002,78.05,60.42,69.54,88752.00,42230323.72,39426806.24,81611350.93,58782652.13,22828698.79,1.74,1.36
A & N ISLANDS,2002,87.48,76.23,82.41,8249.00,196439.43,166202.71,362527.12,244249.18,118277.94,1.74,1.36
CHANDIGARH,2002,87.28,77.55,83.02,114.00,517321.21,399719.15,916756.37,93768.95,822987.42,1.74,1.36
D & N HAVELI,2002,74.30,43.59,60.82,603.00,123909.98,100487.09,224436.77,173070.48,51366.29,1.74,1.36
DAMAN & DIU,2002,89.61,71.36,82.21,603.00,94133.36,66754.90,161035.85,102661.32,58374.53,1.74,1.36
DELHI,2002,88.50,75.72,82.82,1484.00,7706408.93,6323282.34,14098431.08,961637.61,13136793.46,1.74,1.36
LAKSHADWEEP,2002,93.77,81.60,87.89,36.00,31675.01,30004.64,61735.64,34285.93,27449.71,1.74,1.36
PUDUCHERRY,2002,89.81,74.91,82.31,479.00,495417.02,495843.52,991785.78,331556.50,660229.28,1.74,1.36
ANDHRA PRADESH,2003,72.23,51.79,62.16,191792.00,39650260.24,38774049.06,78923956.62,57373979.88,21549976.73,1.69,1.34
ARUNACHAL PRADESH,2003,65.55,44.70,55.79,83743.00,594390.23,535583.04,1129973.27,901072.07,235996.18,1.69,1.34
ASSAM,2003,73.26,56.10,65.04,78438.00,14278802.65,13308236.91,27604770.27,24043053.91,3561716.36,1.69,1.34
BIHAR,2003,61.34,34.01,48.29,94163.00,44690739.66,41139491.27,85954207.08,76963235.51,8990971.57,1.69,1.34
CHHATTISGARH,2003,79.53,53.33,66.48,135191.00,10824652.15,10711878.20,21575725.14,17240917.58,4334807.56,1.69,1.34
GOA,2003,90.83,77.47,83.33,3702.00,710032.82,681826.91,1395660.43,701203.20,694457.23,1.69,1.34
GUJARAT,2003,82.71,60.21,71.92,196024.00,27282203.19,25116621.57,52475485.90,32871102.05,19604383.84,1.69,1.34
HARYANA,2003,80.66,46.96,69.77,44212.00,11731052.44,10102732.58,21897552.80,15564473.89,6333078.90,1.69,1.34
HIMACHAL PRADESH,2003,87.75,69.25,78.60,55673.00,3195126.47,3098541.20,6294342.89,5677552.38,616790.51,1.69,1.34
JAMMU & KASHMIR,2003,68.43,44.18,57.03,42241.00,5489335.18,4939186.27,10504931.97,7898672.81,2606259.15,1.69,1.34
JHARKHAND,2003,69.15,39.97,55.07,79716.00,14354897.31,13512814.71,27905409.31,21698222.44,6207186.87,1.69,1.34
KARNATAKA,2003,78.19,58.46,68.43,191792.00,27812736.58,26799154.65,54732647.67,36131482.40,18601165.27,1.69,1.34
KERALA,2003,96.79,90.32,93.40,38863.00,16019525.71,16952913.00,32975291.82,24413969.55,8561322.27,1.69,1.34
MADHYA PRADESH,2003,78.19,51.68,65.45,308245.00,32577098.17,29958422.04,62497104.21,45961345.86,16535758.35,1.69,1.34
MAHARASHTRA,2003,88.36,68.84,69.77,307713.00,52126746.84,48070988.93,100328616.35,57763970.45,42564645.91,1.69,1.34
MANIPUR,2003,82.51,62.16,72.44,22327.00,1250333.07,1223363.68,2243950.48,1647471.42,596479.06,1.69,1.34
MEGHALAYA,2003,67.20,61.24,64.32,22429.00,1209428.49,1178763.00,2401398.64,1931116.08,470282.56,1.69,1.34
MIZORAM,2003,93.19,89.19,91.24,21081.00,476156.54,446633.33,922789.88,463505.51,456710.87,1.69,1.34
NAGALAND,2003,73.16,63.19,68.43,16579.00,1078781.96,980672.27,2060904.09,1705909.94,354994.15,1.69,1.34
ODISHA,2003,77.47,51.89,64.83,155707.00,19275152.60,18738954.41,38115327.68,32401612.78,5713714.90,1.69,1.34
PUNJAB,2003,77.27,65.14,71.62,50362.00,13425006.25,11729267.05,25226458.52,16669707.44,8556751.08,1.69,1.34
RAJASTHAN,2003,77.78,75.93,62.06,342239.00,30427980.70,28056231.62,58519491.47,44834533.28,13684958.19,1.69,1.34
SIKKIM,2003,78.09,62.06,70.69,7096.00,298480.83,261259.92,560111.49,498109.44,62002.06,1.69,1.34
TAMIL NADU,2003,84.66,66.17,75.52,130058.00,32382176.42,31940520.24,64628036.34,36165293.05,28462743.30,1.69,1.34
TRIPURA,2003,83.23,66.17,75.21,10486.00,1694403.26,1610406.89,3313131.29,2747946.34,565184.95,1.69,1.34
UTTAR PRADESH,2003,70.69,43.36,57.85,240928.00,90581103.68,81385140.07,171966243.75,6534993.11,2256674.01,1.69,1.34
UTTARAKHAND,2003,85.59,61.24,73.57,53483.00,4470114.34,4311417.24,172116471.62,136346884.67,35769586.94,1.69,1.34
WEST BENGAL,2003,79.12,61.24,70.49,88752.00,42965131.36,40112832.67,83031388.43,59805470.28,23225918.15,1.69,1.34
A & N ISLANDS,2003,88.67,77.27,83.53,8249.00,199857.48,169094.64,368835.09,248499.11,120335.98,1.69,1.34
CHANDIGARH,2003,88.47,78.60,84.15,114.00,526322.60,406674.26,932707.93,95400.53,837307.40,1.69,1.34
D & N HAVELI,2003,75.31,44.18,61.65,603.00,126066.02,102235.56,228341.97,176081.91,52260.06,1.69,1.34
DAMAN & DIU,2003,90.83,72.34,83.33,603.00,95771.28,67916.44,163837.88,104447.63,59390.25,1.69,1.34
DELHI,2003,89.70,76.75,83.95,1484.00,7840500.45,6433307.45,14343743.78,978370.11,13365373.67,1.69,1.34
LAKSHADWEEP,2003,95.04,82.71,89.08,36.00,32226.16,30526.72,62809.84,34882.50,27927.33,1.69,1.34
PUDUCHERRY,2003,91.04,75.93,83.43,479.00,504037.28,504471.20,1009042.85,337325.58,671717.27,1.69,1.34
ANDHRA PRADESH,2004,73.20,52.48,63.00,191792.00,40320349.64,39429330.49,80257771.48,58343600.14,21914171.34,1.62,1.32
ARUNACHAL PRADESH,2004,66.43,45.29,56.54,83743.00,604435.43,544634.39,1149069.82,916300.19,239984.51,1.62,1.32
ASSAM,2004,74.24,56.85,65.91,78438.00,14520114.42,13533146.12,28071290.89,24449381.52,3621909.36,1.62,1.32
BIHAR,2004,62.16,34.47,48.94,94163.00,45446013.16,41834748.67,87406833.18,78263914.19,9142918.99,1.62,1.32
CHHATTISGARH,2004,80.59,54.04,67.37,135191.00,11007588.77,10892908.95,21940354.90,17532289.09,4408065.81,1.62,1.32
GOA,2004,92.05,78.51,84.45,3702.00,722032.38,693349.78,1419247.09,713053.53,706193.55,1.62,1.32
GUJARAT,2004,83.82,61.02,72.89,196024.00,27743272.42,25541092.47,53362321.61,33426623.68,19935697.93,1.62,1.32
HARYANA,2004,81.74,47.59,70.70,44212.00,11929307.23,10273468.76,22267621.44,15827513.50,6440107.94,1.62,1.32
HIMACHAL PRADESH,2004,88.92,70.18,79.66,55673.00,3249124.11,3150906.55,6400717.29,5773503.02,627214.27,1.62,1.32
JAMMU & KASHMIR,2004,69.35,44.77,57.79,42241.00,5582104.94,5022658.52,10682465.32,8032160.38,2650304.93,1.62,1.32
JHARKHAND,2004,70.08,40.50,55.81,79716.00,14597495.08,13741181.28,28377010.73,22064922.40,6312088.33,1.62,1.32
KARNATAKA,2004,79.24,59.25,69.35,191792.00,28282771.83,27252060.37,55657629.42,36742104.46,18915524.96,1.62,1.32
KERALA,2004,98.09,91.53,94.65,38863.00,16290255.69,17239417.23,33532574.25,24826565.63,8706008.62,1.62,1.32
MADHYA PRADESH,2004,79.24,52.38,66.33,308245.00,33127651.13,30464719.37,63553305.27,46738092.61,16815212.66,1.62,1.32
MAHARASHTRA,2004,89.55,69.76,70.70,307713.00,53007688.86,48883388.64,102024169.97,58740181.55,43283988.42,1.62,1.32
MANIPUR,2004,83.61,63.00,73.41,22327.00,1271463.70,1244038.52,2281873.25,1675313.69,606559.56,1.62,1.32
MEGHALAYA,2004,68.10,62.06,65.18,22429.00,1229867.83,1198684.09,2441982.27,1963751.94,478230.33,1.62,1.32
MIZORAM,2004,94.44,90.38,92.46,21081.00,484203.59,454181.44,938385.03,471338.76,464429.28,1.62,1.32
NAGALAND,2004,74.14,64.04,69.35,16579.00,1097013.37,997245.63,2095733.37,1734739.82,360993.55,1.62,1.32
ODISHA,2004,78.51,52.58,65.70,155707.00,19600902.68,19055642.74,38759476.72,32949200.03,5810276.68,1.62,1.32
PUNJAB,2004,78.30,66.02,72.58,50362.00,13651888.85,11927491.66,25652785.67,16951425.49,8701360.17,1.62,1.32
RAJASTHAN,2004,78.82,76.95,62.89,342239.00,30942213.58,28530381.94,59508470.87,45592236.89,13916233.98,1.62,1.32
SIKKIM,2004,79.14,62.89,71.64,7096.00,303525.15,265675.21,569577.38,506527.49,63049.89,1.62,1.32
TAMIL NADU,2004,85.80,67.06,76.53,130058.00,32929435.20,32480315.03,65720250.16,36776486.50,28943763.66,1.62,1.32
TRIPURA,2004,84.34,67.06,76.22,10486.00,1723038.68,1637622.77,3369123.21,2794386.63,574736.58,1.62,1.32
UTTAR PRADESH,2004,71.64,43.94,58.62,240928.00,92111924.33,82760548.93,174872473.27,6645434.49,2294811.80,1.62,1.32
UTTARAKHAND,2004,86.74,62.06,74.55,53483.00,4545659.27,4384280.19,175025239.99,138651147.02,36374092.96,1.62,1.32
WEST BENGAL,2004,80.18,62.06,71.43,88752.00,43691242.08,40790739.54,84434618.90,60816182.73,23618436.17,1.62,1.32
A & N ISLANDS,2004,89.86,78.30,84.65,8249.00,203235.07,171952.34,375068.41,252698.75,122369.66,1.62,1.32
CHANDIGARH,2004,89.65,79.66,85.28,114.00,535217.45,413547.06,948470.69,97012.80,851457.89,1.62,1.32
D & N HAVELI,2004,76.32,44.77,62.48,603.00,128196.53,103963.34,232200.95,179057.69,53143.26,1.62,1.32
DAMAN & DIU,2004,92.05,73.30,84.45,603.00,97389.81,69064.22,166606.74,106212.79,60393.94,1.62,1.32
DELHI,2004,90.90,77.78,85.07,1484.00,7973004.90,6542030.35,14586153.05,994904.56,13591248.48,1.62,1.32
LAKSHADWEEP,2004,96.32,83.82,90.28,36.00,32770.78,31042.62,63871.32,35472.02,28399.31,1.62,1.32
PUDUCHERRY,2004,92.26,76.95,84.55,479.00,512555.51,512996.76,1026095.67,343026.38,683069.29,1.62,1.32
ANDHRA PRADESH,2005,74.17,53.17,63.83,191792.00,40973539.30,40068085.64,81557947.38,59288766.46,22269180.92,1.54,1.31
ARUNACHAL PRADESH,2005,67.31,45.89,57.29,83743.00,614227.28,553457.47,1167684.75,931144.25,243872.26,1.54,1.31
ASSAM,2005,75.22,57.60,66.78,78438.00,14755340.27,13752383.08,28526045.80,24845461.50,3680584.30,1.54,1.31
BIHAR,2005,62.98,34.92,49.58,94163.00,46182238.58,42512471.60,88822823.88,79531789.60,9291034.28,1.54,1.31
CHHATTISGARH,2005,81.66,54.75,68.26,135191.00,11185911.71,11069374.07,22295788.65,17816312.17,4479476.48,1.54,1.31
GOA,2005,93.26,79.55,85.56,3702.00,733729.30,704582.05,1442238.89,724605.00,717633.89,1.54,1.31
GUJARAT,2005,84.93,61.82,73.85,196024.00,28192713.44,25954858.17,54226791.22,33968134.98,20258656.23,1.54,1.31
HARYANA,2005,82.82,48.21,71.63,44212.00,12122562.00,10439898.95,22628356.90,16083919.22,6544437.69,1.54,1.31
HIMACHAL PRADESH,2005,90.10,71.11,80.71,55673.00,3301759.92,3201951.24,6504408.91,5867033.77,637375.14,1.54,1.31
JAMMU & KASHMIR,2005,70.26,45.36,58.55,42241.00,5672535.04,5104025.58,10855521.26,8162281.38,2693239.87,1.54,1.31
JHARKHAND,2005,71.00,41.04,56.55,79716.00,14833974.50,13963788.41,28836718.30,22422374.15,6414344.16,1.54,1.31
KARNATAKA,2005,80.29,60.03,70.26,191792.00,28740952.74,27693543.74,56559283.02,37337326.55,19221956.47,1.54,1.31
KERALA,2005,99.38,92.73,95.90,38863.00,16554157.84,17518695.79,34075801.95,25228756.00,8847045.95,1.54,1.31
MADHYA PRADESH,2005,80.29,53.07,67.20,308245.00,33664319.08,30958247.83,64582868.81,47495249.71,17087619.11,1.54,1.31
MAHARASHTRA,2005,90.73,70.68,71.63,307713.00,53866413.42,49675299.54,103676961.52,59691772.49,43985189.03,1.54,1.31
MANIPUR,2005,84.72,63.83,74.38,22327.00,1292061.41,1264191.95,2318839.59,1702453.77,616385.82,1.54,1.31
MEGHALAYA,2005,69.00,62.88,66.04,22429.00,1249791.69,1218102.77,2481542.39,1995564.72,485977.66,1.54,1.31
MIZORAM,2005,95.69,91.57,93.68,21081.00,492047.69,461539.17,953586.86,478974.45,471953.04,1.54,1.31
NAGALAND,2005,75.12,64.88,70.26,16579.00,1114784.99,1013401.01,2129684.25,1762842.60,366841.64,1.54,1.31
ODISHA,2005,79.55,53.28,66.57,155707.00,19918437.30,19364344.15,39387380.24,33482977.07,5904403.16,1.54,1.31
PUNJAB,2005,79.34,66.89,73.53,50362.00,13873049.45,12120717.02,26068360.80,17226038.59,8842322.21,1.54,1.31
RAJASTHAN,2005,79.86,77.96,63.72,342239.00,31443477.44,28992574.12,60472508.10,46330831.13,14141676.97,1.54,1.31
SIKKIM,2005,80.18,63.72,72.58,7096.00,308442.26,269979.15,578804.53,514733.23,64071.30,1.54,1.31
TAMIL NADU,2005,86.93,67.94,77.54,130058.00,33462892.05,33006496.13,66784918.21,37372265.58,29412652.63,1.54,1.31
TRIPURA,2005,85.45,67.94,77.23,10486.00,1750951.90,1664152.25,3423703.00,2839655.69,584047.31,1.54,1.31
UTTAR PRADESH,2005,72.58,44.52,59.40,240928.00,93604137.51,84101269.83,177705407.33,6753090.53,2331987.75,1.54,1.31
UTTARAKHAND,2005,87.88,62.88,75.54,53483.00,4619298.95,4455305.53,177860648.87,140897295.61,36963353.27,1.54,1.31
WEST BENGAL,2005,81.23,62.88,72.37,88752.00,44399040.20,41451549.52,85802459.72,61801404.89,24001054.83,1.54,1.31
A & N ISLANDS,2005,91.05,79.34,85.77,8249.00,206527.48,174737.97,381144.51,256792.47,124352.05,1.54,1.31
CHANDIGARH,2005,90.84,80.71,86.40,114.00,543887.97,420246.52,963835.92,98584.40,865251.51,1.54,1.31
D & N HAVELI,2005,77.33,45.36,63.30,603.00,130273.32,105647.55,235962.61,181958.43,54004.18,1.54,1.31
DAMAN & DIU,2005,93.26,74.27,85.56,603.00,98967.53,70183.06,169305.76,107933.44,61372.32,1.54,1.31
DELHI,2005,92.10,78.81,86.19,1484.00,8102167.58,6648011.24,14822448.73,1011022.02,13811426.71,1.54,1.31
LAKSHADWEEP,2005,97.59,84.93,91.47,36.00,33301.67,31545.51,64906.04,36046.66,28859.37,1.54,1.31
PUDUCHERRY,2005,93.47,77.96,85.67,479.00,520858.90,521307.31,1042718.42,348583.41,694135.01,1.54,1.31
ANDHRA PRADESH,2006,75.14,53.87,64.66,191792.00,41604531.81,40685134.16,82813939.77,60201813.47,22612126.30,1.54,1.29
ARUNACHAL PRADESH,2006,68.19,46.49,58.04,83743.00,623686.38,561980.71,1185667.09,945483.87,247627.89,1.48,1.29
ASSAM,2006,76.21,58.36,67.66,78438.00,14982572.51,13964169.78,28965346.90,25228081.61,3737265.29,1.48,1.29
BIHAR,2006,63.81,35.38,50.23,94163.00,46893445.05,43167163.66,90190695.37,80756579.16,9434116.21,1.48,1.29
CHHATTISGARH,2006,82.73,55.47,69.15,135191.00,11358174.75,11239842.43,22639143.79,18090683.38,4548460.41,1.48,1.29
GOA,2006,94.48,80.59,86.68,3702.00,745028.73,715432.61,1464449.37,735763.92,728685.45,1.48,1.29
GUJARAT,2006,86.04,62.63,74.82,196024.00,28626881.22,26354562.99,55061883.80,34491244.26,20570639.54,1.48,1.29
HARYANA,2006,83.90,48.85,72.57,44212.00,12309249.46,10600673.40,22976833.60,16331611.57,6645222.03,1.48,1.29
HIMACHAL PRADESH,2006,91.28,72.04,81.76,55673.00,3352607.02,3251261.28,6604576.80,5957386.09,647190.72,1.48,1.29
JAMMU & KASHMIR,2006,71.18,45.96,59.32,42241.00,5759892.08,5182627.58,11022696.28,8287980.52,2734715.77,1.48,1.29
JHARKHAND,2006,71.93,41.58,57.29,79716.00,15062417.70,14178830.75,29280803.76,22767678.71,6513125.06,1.48,1.29
KARNATAKA,2006,81.34,60.82,71.18,191792.00,29183563.41,28120024.32,57430295.98,37912321.38,19517974.60,1.48,1.29
KERALA,2006,100.68,93.95,97.16,38863.00,16809091.87,17788483.70,34600569.30,25617278.84,8983290.46,1.48,1.29
MADHYA PRADESH,2006,81.34,53.76,68.08,308245.00,34182749.60,31435004.84,65577444.99,48226676.55,17350768.44,1.48,1.29
MAHARASHTRA,2006,91.92,71.61,72.57,307713.00,54695956.19,50440299.15,105273586.73,60611025.78,44662560.94,1.48,1.29
MANIPUR,2006,85.83,64.66,75.35,22327.00,1311959.16,1283660.50,2354549.72,1728671.56,625878.16,1.48,1.29
MEGHALAYA,2006,69.90,63.70,66.91,22429.00,1269038.48,1236861.56,2519758.14,2026296.42,493461.72,1.48,1.29
MIZORAM,2006,96.94,92.77,94.91,21081.00,499625.22,468646.88,968272.10,486350.65,479221.11,1.48,1.29
NAGALAND,2006,76.10,65.73,71.18,16579.00,1131952.68,1029007.39,2162481.38,1789990.38,372491.00,1.48,1.29
ODISHA,2006,80.59,53.98,67.44,155707.00,20225181.24,19662555.05,39993945.89,33998614.92,5995330.97,1.48,1.29
PUNJAB,2006,80.38,67.76,74.50,50362.00,14086694.41,12307376.07,26469813.55,17491319.58,8978493.97,1.48,1.29
RAJASTHAN,2006,80.91,78.99,64.56,342239.00,31927706.99,29439059.77,61403784.72,47044325.93,14359458.80,1.48,1.29
SIKKIM,2006,81.23,64.56,73.53,7096.00,313192.27,274136.83,587718.12,522660.12,65058.00,1.48,1.29
TAMIL NADU,2006,88.07,68.83,78.56,130058.00,33978220.59,33514796.17,67813405.95,37947798.47,29865607.48,1.48,1.29
TRIPURA,2006,86.57,68.83,78.24,10486.00,1777916.56,1689780.20,3476428.03,2883386.39,593041.64,1.48,1.29
UTTAR PRADESH,2006,73.53,45.10,60.17,240928.00,95045641.22,85396429.38,180442070.61,6857088.12,2367900.36,1.48,1.29
UTTARAKHAND,2006,89.03,63.70,76.53,53483.00,4690436.16,4523917.24,180599702.87,143067113.96,37532588.91,1.48,1.29
WEST BENGAL,2006,82.30,63.70,73.32,88752.00,45082785.42,42089903.38,87123817.60,62753146.52,24370671.08,1.48,1.29
A & N ISLANDS,2006,92.24,80.38,86.90,8249.00,209708.00,177428.93,387014.14,260747.07,126267.07,1.48,1.29
CHANDIGARH,2006,92.03,81.76,87.54,114.00,552263.85,426718.32,978678.99,100102.60,878576.39,1.48,1.29
D & N HAVELI,2006,78.34,45.96,64.13,603.00,132279.53,107274.52,239596.43,184760.59,54835.84,1.48,1.29
DAMAN & DIU,2006,94.48,75.24,86.68,603.00,100491.63,71263.88,171913.07,109595.62,62317.46,1.48,1.29
DELHI,2006,93.31,79.84,87.32,1484.00,8226940.96,6750390.61,15050714.44,1026591.76,14024122.68,1.48,1.29
LAKSHADWEEP,2006,98.87,86.04,92.67,36.00,33814.51,32031.31,65905.59,36601.78,29303.81,1.48,1.29
PUDUCHERRY,2006,94.70,78.99,86.79,479.00,528880.13,529335.44,1058776.29,353951.59,704824.69,1.48,1.29
ANDHRA PRADESH,2007,76.11,54.56,65.50,191792.00,42245241.60,41311685.23,84089274.44,61128921.39,22960353.05,1.43,1.27
ARUNACHAL PRADESH,2007,69.07,47.09,58.79,83743.00,632916.94,570298.03,1203214.97,959477.03,251292.79,1.43,1.27
ASSAM,2007,77.19,59.11,68.53,78438.00,15204314.58,14170839.50,29394034.04,25601457.22,3792576.82,1.43,1.27
BIHAR,2007,64.63,35.83,50.88,94163.00,47587468.04,43806037.68,91525517.66,81951776.53,9573741.13,1.43,1.27
CHHATTISGARH,2007,83.79,56.19,70.04,135191.00,11526275.74,11406192.10,22974203.12,18358425.49,4615777.63,1.43,1.27
GOA,2007,95.70,81.63,87.80,3702.00,756055.16,726021.02,1486123.22,746653.22,739470.00,1.43,1.27
GUJARAT,2007,87.15,63.44,75.78,196024.00,29050559.07,26744610.52,55876799.68,35001714.68,20875085.01,1.43,1.27
HARYANA,2007,84.98,49.48,73.51,44212.00,12491426.35,10757563.36,23316890.74,16573319.43,6743571.31,1.43,1.27
HIMACHAL PRADESH,2007,92.45,72.97,82.82,55673.00,3402225.61,3299379.95,6702324.54,6045555.40,656769.14,1.43,1.27
JAMMU & KASHMIR,2007,72.10,46.55,60.08,42241.00,5845138.49,5259330.47,11185832.19,8410642.63,2775189.56,1.43,1.27
JHARKHAND,2007,72.86,42.11,58.03,79716.00,15285341.49,14388677.45,29714159.66,23104640.35,6609519.31,1.43,1.27
KARNATAKA,2007,82.39,61.60,72.10,191792.00,29615480.15,28536200.68,58280264.36,38473423.73,19806840.62,1.43,1.27
KERALA,2007,101.98,95.16,98.41,38863.00,17057866.43,18051753.26,35112657.73,25996414.57,9116243.16,1.43,1.27
MADHYA PRADESH,2007,82.39,54.46,68.96,308245.00,34688654.29,31900242.91,66547991.18,48940431.37,17607559.81,1.43,1.27
MAHARASHTRA,2007,93.10,72.53,73.51,307713.00,55505456.34,51186815.58,106831635.81,61508068.96,45323566.85,1.43,1.27
MANIPUR,2007,86.93,65.50,76.32,22327.00,1331376.15,1302658.68,2389397.06,1754255.90,635141.16,1.43,1.27
MEGHALAYA,2007,70.80,64.52,67.77,22429.00,1287820.25,1255167.11,2557050.56,2056285.61,500764.95,1.43,1.27
MIZORAM,2007,98.19,93.97,96.14,21081.00,507019.68,475582.85,982602.53,493548.64,486313.58,1.43,1.27
NAGALAND,2007,77.08,66.58,72.10,16579.00,1148705.58,1044236.70,2194486.11,1816482.24,378003.87,1.43,1.27
ODISHA,2007,81.63,54.67,68.31,155707.00,20524513.92,19953560.87,40585856.29,34501794.42,6084061.87,1.43,1.27
PUNJAB,2007,81.41,68.64,75.46,50362.00,14295177.49,12489525.23,26861566.79,17750191.11,9111375.68,1.43,1.27
RAJASTHAN,2007,81.95,80.00,65.39,342239.00,32400237.05,29874757.85,62312560.74,47740581.95,14571978.79,1.43,1.27
SIKKIM,2007,82.28,65.39,74.48,7096.00,317827.52,278194.05,596416.35,530395.49,66020.86,1.43,1.27
TAMIL NADU,2007,89.21,69.72,79.57,130058.00,34481098.26,34010815.16,68817044.36,38509425.89,30307618.47,1.43,1.27
TRIPURA,2007,87.69,69.72,79.25,10486.00,1804229.73,1714788.95,3527879.17,2926060.51,601818.66,1.43,1.27
UTTAR PRADESH,2007,74.48,45.69,60.95,240928.00,96452316.71,86660296.54,183112613.25,6958573.03,2402945.29,1.43,1.27
UTTARAKHAND,2007,90.18,64.52,77.51,53483.00,4759854.61,4590871.21,183272578.47,145184507.24,38088071.22,1.43,1.27
WEST BENGAL,2007,83.36,64.52,74.27,88752.00,45750010.64,42712833.95,88413250.10,63681893.09,24731357.01,1.43,1.27
A & N ISLANDS,2007,93.43,81.41,88.02,8249.00,212811.68,180054.88,392741.95,264606.13,128135.82,1.43,1.27
CHANDIGARH,2007,93.21,82.82,88.67,114.00,560437.35,433033.75,993163.44,101584.12,891579.32,1.43,1.27
D & N HAVELI,2007,79.36,46.55,64.96,603.00,134237.26,108862.19,243142.46,187495.05,55647.41,1.43,1.27
DAMAN & DIU,2007,95.70,76.22,87.80,603.00,101978.90,72318.59,174457.39,111217.63,63239.76,1.43,1.27
DELHI,2007,94.51,80.87,88.45,1484.00,8348699.69,6850296.39,15273465.01,1041785.31,14231679.70,1.43,1.27
LAKSHADWEEP,2007,100.14,87.15,93.86,36.00,34314.97,32505.38,66880.99,37143.49,29737.51,1.43,1.27
PUDUCHERRY,2007,95.92,80.00,87.91,479.00,536707.56,537169.60,1074446.17,359190.08,715256.10,1.43,1.27
ANDHRA PRADESH,2008,77.07,55.26,66.33,191792.00,42849348.55,41902442.33,85291751.07,62003064.97,23288686.10,1.40,1.26
ARUNACHAL PRADESH,2008,69.95,47.69,59.53,83743.00,641967.65,578453.29,1220420.94,973197.55,254886.27,1.40,1.26
ASSAM,2008,78.17,59.86,69.40,78438.00,15421736.28,14373482.50,29814368.73,25967558.06,3846810.67,1.40,1.26
BIHAR,2008,65.45,36.29,51.53,94163.00,48267968.83,44432464.02,92834332.56,83123686.94,9710645.63,1.40,1.26
CHHATTISGARH,2008,84.86,56.90,70.93,135191.00,11691101.48,11569300.65,23302734.22,18620950.98,4681783.25,1.40,1.26
GOA,2008,96.92,82.67,88.91,3702.00,766866.75,736403.12,1507374.78,757330.36,750044.42,1.40,1.26
GUJARAT,2008,88.26,64.25,76.74,196024.00,29465982.06,27127058.45,56675837.92,35502239.20,21173598.72,1.40,1.26
HARYANA,2008,86.06,50.10,74.44,44212.00,12670053.75,10911396.52,23650322.28,16810317.89,6840004.38,1.40,1.26
HIMACHAL PRADESH,2008,93.63,73.89,83.87,55673.00,3450877.43,3346561.09,6798167.78,6132006.84,666160.94,1.40,1.26
JAMMU & KASHMIR,2008,73.02,47.14,60.85,42241.00,5928723.97,5334538.89,11345789.59,8530914.82,2814874.77,1.40,1.26
JHARKHAND,2008,73.78,42.65,58.76,79716.00,15503921.87,14594435.54,30139072.14,23435036.71,6704035.43,1.40,1.26
KARNATAKA,2008,83.43,62.38,73.02,191792.00,30038981.51,28944268.35,59113672.14,39023593.69,20090078.44,1.40,1.26
KERALA,2008,103.28,96.37,99.66,38863.00,17301793.92,18309893.33,35614768.73,26368163.29,9246605.44,1.40,1.26
MADHYA PRADESH,2008,83.43,55.15,69.84,308245.00,35184702.05,32356416.39,67499627.45,49640279.53,17859347.92,1.40,1.26
MAHARASHTRA,2008,94.29,73.46,74.44,307713.00,56299184.37,51918787.04,108359328.20,62387634.35,45971693.85,1.40,1.26
MANIPUR,2008,88.04,66.33,77.29,22327.00,1350414.83,1321286.70,2423565.44,1779341.76,644223.68,1.40,1.26
MEGHALAYA,2008,71.70,65.34,68.63,22429.00,1306236.08,1273116.00,2593616.38,2085690.49,507925.89,1.40,1.26
MIZORAM,2008,99.44,95.16,97.36,21081.00,514270.06,482383.69,996653.74,500606.39,493267.87,1.40,1.26
NAGALAND,2008,78.06,67.43,73.02,16579.00,1165132.07,1059169.28,2225867.26,1842457.93,383409.33,1.40,1.26
ODISHA,2008,82.67,55.37,69.18,155707.00,20818014.47,20238896.79,41166234.04,34995170.08,6171063.96,1.40,1.26
PUNJAB,2008,82.45,69.51,76.42,50362.00,14499598.53,12668125.44,27245687.20,18004018.84,9241668.35,1.40,1.26
RAJASTHAN,2008,82.99,81.02,66.22,342239.00,32863560.44,30301966.89,63203630.36,48423272.27,14780358.08,1.40,1.26
SIKKIM,2008,83.32,66.22,75.43,7096.00,322372.45,282172.23,604945.10,537980.15,66964.96,1.40,1.26
TAMIL NADU,2008,90.34,70.61,80.58,130058.00,34974177.96,34497169.81,69801128.09,39060110.68,30741017.41,1.40,1.26
TRIPURA,2008,88.80,70.61,80.25,10486.00,1830030.21,1739310.43,3578327.84,2967903.17,610424.66,1.40,1.26
UTTAR PRADESH,2008,75.43,46.27,61.72,240928.00,97831584.84,87899538.78,185731123.62,7058080.62,2437307.40,1.40,1.26
UTTARAKHAND,2008,91.33,65.34,78.50,53483.00,4827920.53,4656520.67,185893376.34,147260645.70,38632730.64,1.40,1.26
WEST BENGAL,2008,84.42,65.34,75.21,88752.00,46404235.79,43323627.48,89677559.58,64592544.16,25085015.42,1.40,1.26
A & N ISLANDS,2008,94.62,82.45,89.13,8249.00,215854.89,182629.66,398358.16,268390.00,129968.16,1.40,1.26
CHANDIGARH,2008,94.40,83.87,89.79,114.00,568451.61,439226.13,1007365.68,103036.78,904328.90,1.40,1.26
D & N HAVELI,2008,80.36,47.14,65.78,603.00,136156.86,110418.92,246619.39,190176.22,56443.17,1.40,1.26
DAMAN & DIU,2008,96.92,77.18,88.91,603.00,103437.20,73352.74,176952.13,112808.04,64144.08,1.40,1.26
DELHI,2008,95.71,81.90,89.57,1484.00,8468086.10,6948255.63,15491875.56,1056682.84,14435192.72,1.40,1.26
LAKSHADWEEP,2008,101.41,88.26,95.05,36.00,34805.67,32970.20,67837.39,37674.64,30162.75,1.40,1.26
PUDUCHERRY,2008,97.14,81.02,89.02,479.00,544382.48,544851.13,1089810.76,364326.49,725484.26,1.40,1.26
ANDHRA PRADESH,2009,78.04,55.95,67.17,191792.00,43449239.43,42489076.52,86485835.58,62871107.88,23614727.70,1.39,1.24
ARUNACHAL PRADESH,2009,70.83,48.29,60.28,83743.00,650955.20,586551.63,1237506.83,986822.32,258454.68,1.39,1.24
ASSAM,2009,79.16,60.62,70.27,78438.00,15637640.59,14574711.26,30231769.89,26331103.87,3900666.02,1.39,1.24
BIHAR,2009,66.28,36.75,52.18,94163.00,48943720.39,45054518.52,94134013.22,84287418.55,9846594.67,1.39,1.24
CHHATTISGARH,2009,85.93,57.62,71.83,135191.00,11854776.90,11731270.86,23628972.50,18881644.29,4747328.21,1.39,1.24
GOA,2009,98.14,83.71,90.03,3702.00,777602.88,746712.76,1528478.03,767932.99,760545.04,1.39,1.24
GUJARAT,2009,89.37,65.06,77.71,196024.00,29878505.81,27506837.27,57469299.65,35999270.55,21470029.10,1.39,1.24
HARYANA,2009,87.15,50.73,75.38,44212.00,12847434.50,11064156.07,23981426.79,17045662.34,6935764.44,1.39,1.24
HIMACHAL PRADESH,2009,94.81,74.83,84.93,55673.00,3499189.72,3393412.94,6893342.13,6217854.94,675487.19,1.39,1.24
JAMMU & KASHMIR,2009,73.94,47.74,61.61,42241.00,6011726.10,5409222.44,11504630.64,8650347.62,2854283.02,1.39,1.24
JHARKHAND,2009,74.71,43.19,59.51,79716.00,15720976.77,14798757.63,30561019.15,23763127.22,6797891.93,1.39,1.24
KARNATAKA,2009,84.48,63.17,73.94,191792.00,30459527.25,29349488.10,59941263.55,39569924.00,20371339.54,1.39,1.24
KERALA,2009,104.58,97.58,100.91,38863.00,17544019.03,18566231.84,36113375.49,26737317.58,9376057.91,1.39,1.24
MADHYA PRADESH,2009,84.48,55.84,70.72,308245.00,35677287.87,32809406.22,68444622.24,50335243.45,18109378.79,1.39,1.24
MAHARASHTRA,2009,95.47,74.38,75.38,307713.00,57087372.95,52645650.06,109876358.80,63261061.23,46615297.57,1.39,1.24
MANIPUR,2009,89.15,67.17,78.27,22327.00,1369320.64,1339784.71,2457495.35,1804252.54,653242.81,1.39,1.24
MEGHALAYA,2009,72.61,66.17,69.50,22429.00,1324523.38,1290939.62,2629927.01,2114890.16,515036.85,1.39,1.24
MIZORAM,2009,100.69,96.36,98.58,21081.00,521469.84,489137.06,1010606.90,507614.88,500173.62,1.39,1.24
NAGALAND,2009,79.04,68.28,73.94,16579.00,1181443.92,1073997.65,2257029.40,1868252.35,388777.06,1.39,1.24
ODISHA,2009,83.71,56.06,70.05,155707.00,21109466.67,20522241.34,41742561.31,35485102.46,6257458.85,1.39,1.24
PUNJAB,2009,83.48,70.38,77.38,50362.00,14702592.91,12845479.20,27627126.82,18256075.11,9371051.71,1.39,1.24
RAJASTHAN,2009,84.04,82.04,67.05,342239.00,33323650.29,30726194.42,64088481.18,49101198.09,14987283.10,1.39,1.24
SIKKIM,2009,84.37,67.05,76.38,7096.00,326885.67,286122.64,613414.33,545511.87,67902.47,1.39,1.24
TAMIL NADU,2009,91.48,71.49,81.60,130058.00,35463816.45,34980130.19,70778343.88,39606952.23,31171391.66,1.39,1.24
TRIPURA,2009,89.92,71.49,81.26,10486.00,1855650.64,1763660.77,3628424.43,3009453.82,618970.61,1.39,1.24
UTTAR PRADESH,2009,76.38,46.85,62.50,240928.00,99201227.03,89130132.32,188331359.35,7156893.75,2471429.71,1.39,1.24
UTTARAKHAND,2009,92.48,66.17,79.49,53483.00,4895511.42,4721711.96,188495883.61,149322294.74,39173588.87,1.39,1.24
WEST BENGAL,2009,85.48,66.17,76.16,88752.00,47053895.09,43930158.26,90933045.41,65496839.78,25436205.63,1.39,1.24
A & N ISLANDS,2009,95.81,83.48,90.26,8249.00,218876.85,185186.48,403935.17,272147.46,131787.72,1.39,1.24
CHANDIGARH,2009,95.59,84.93,90.92,114.00,576409.93,445375.30,1021468.80,104479.29,916989.51,1.39,1.24
D & N HAVELI,2009,81.38,47.74,66.61,603.00,138063.05,111964.78,250072.07,192838.69,57233.37,1.39,1.24
DAMAN & DIU,2009,98.14,78.16,90.03,603.00,104885.32,74379.68,179429.46,114387.36,65042.10,1.39,1.24
DELHI,2009,96.92,82.93,90.70,1484.00,8586639.30,7045531.21,15708761.82,1071476.40,14637285.41,1.39,1.24
LAKSHADWEEP,2009,102.69,89.37,96.25,36.00,35292.95,33431.78,68787.11,38202.08,30585.03,1.39,1.24
PUDUCHERRY,2009,98.36,82.04,90.15,479.00,552003.83,552479.05,1105068.11,369427.07,735641.04,1.39,1.24
ANDHRA PRADESH,2010,79.01,56.65,68.00,191792.00,44053183.86,43079674.68,87687988.70,63745016.28,23942972.42,1.37,1.23
ARUNACHAL PRADESH,2010,71.71,48.89,61.03,83743.00,660003.48,594704.70,1254708.18,1000539.15,262047.20,1.37,1.23
ASSAM,2010,80.14,61.37,71.15,78438.00,15855003.80,14777299.74,30651991.49,26697106.21,3954885.28,1.37,1.23
BIHAR,2010,67.10,37.20,52.83,94163.00,49624038.11,45680776.32,95442476.00,85459013.67,9983462.33,1.37,1.23
CHHATTISGARH,2010,86.99,58.33,72.72,135191.00,12019558.30,11894335.52,23957415.22,19144099.15,4813316.08,1.37,1.23
GOA,2010,99.36,84.74,91.15,3702.00,788411.56,757092.07,1549723.87,778607.26,771116.61,1.37,1.23
GUJARAT,2010,90.48,65.86,78.68,196024.00,30293817.04,27889182.30,58268122.91,36499660.41,21768462.51,1.37,1.23
HARYANA,2010,88.23,51.36,76.32,44212.00,13026013.84,11217947.84,24314768.62,17282597.05,7032171.57,1.37,1.23
HIMACHAL PRADESH,2010,95.98,75.75,85.98,55673.00,3547828.45,3440581.38,6989159.59,6304283.12,684876.46,1.37,1.23
JAMMU & KASHMIR,2010,74.85,48.33,62.38,42241.00,6095289.09,5484410.63,11664545.01,8770587.46,2893957.55,1.37,1.23
JHARKHAND,2010,75.64,43.72,60.24,79716.00,15939498.35,15004460.37,30985817.32,24093434.69,6892382.63,1.37,1.23
KARNATAKA,2010,85.53,63.95,74.85,191792.00,30882914.68,29757445.99,60774447.11,40119945.95,20654501.16,1.37,1.23
KERALA,2010,105.87,98.79,102.17,38863.00,17787880.90,18824302.46,36615351.41,27108966.29,9506385.12,1.37,1.23
MADHYA PRADESH,2010,85.53,56.53,71.59,308245.00,36173202.18,33265456.96,69396002.49,51034903.33,18361099.16,1.37,1.23
MAHARASHTRA,2010,96.66,75.30,76.32,307713.00,57880887.43,53377424.60,111403640.19,64140389.98,47263250.20,1.37,1.23
MANIPUR,2010,90.25,68.00,79.24,22327.00,1388354.19,1358407.72,2491654.54,1829331.65,662322.89,1.37,1.23
MEGHALAYA,2010,73.51,66.99,70.36,22429.00,1342934.26,1308883.68,2666483.00,2144287.13,522195.87,1.37,1.23
MIZORAM,2010,101.94,97.56,99.81,21081.00,528718.27,495936.06,1024654.33,514670.72,507126.03,1.37,1.23
NAGALAND,2010,80.02,69.12,74.85,16579.00,1197865.99,1088926.22,2288402.11,1894221.05,394181.06,1.37,1.23
ODISHA,2010,84.74,56.76,70.92,155707.00,21402888.26,20807500.50,42322782.92,35978345.39,6344437.53,1.37,1.23
PUNJAB,2010,84.52,71.26,78.34,50362.00,14906958.95,13024031.36,28011143.88,18509834.55,9501309.33,1.37,1.23
RAJASTHAN,2010,85.08,83.06,67.89,342239.00,33786849.03,31153288.53,64979311.07,49783704.74,15195606.33,1.37,1.23
SIKKIM,2010,85.42,67.89,77.33,7096.00,331429.38,290099.74,621940.79,553094.48,68846.31,1.37,1.23
TAMIL NADU,2010,92.61,72.38,82.61,130058.00,35956763.50,35466354.00,71762162.86,40157488.86,31604674.00,1.37,1.23
TRIPURA,2010,91.04,72.38,82.27,10486.00,1881444.18,1788175.66,3678859.53,3051285.23,627574.30,1.37,1.23
UTTAR PRADESH,2010,77.33,47.43,63.28,240928.00,100580124.09,90369041.16,190949165.25,7256374.57,2505782.58,1.37,1.23
UTTARAKHAND,2010,93.62,66.99,80.47,53483.00,4963559.03,4787343.76,191115976.39,151397874.63,39718101.76,1.37,1.23
WEST BENGAL,2010,86.54,66.99,77.10,88752.00,47707944.24,44540787.46,92197014.75,66407245.85,25789768.89,1.37,1.23
A & N ISLANDS,2010,97.00,84.52,91.38,8249.00,221919.24,187760.57,409549.87,275930.30,133619.57,1.37,1.23
CHANDIGARH,2010,96.77,85.98,92.05,114.00,584422.03,451566.01,1035667.21,105931.55,929735.66,1.37,1.23
D & N HAVELI,2010,82.38,48.33,67.44,603.00,139982.13,113521.09,253548.07,195519.15,58028.92,1.37,1.23
DAMAN & DIU,2010,99.36,79.13,91.15,603.00,106343.23,75413.56,181923.53,115977.34,65946.19,1.37,1.23
DELHI,2010,98.12,83.96,91.83,1484.00,8705993.59,7143464.09,15927113.61,1086369.93,14840743.68,1.37,1.23
LAKSHADWEEP,2010,103.96,90.48,97.45,36.00,35783.52,33896.49,69743.25,38733.09,31010.16,1.37,1.23
PUDUCHERRY,2010,99.58,83.06,91.26,479.00,559676.68,560158.50,1120428.55,374562.10,745866.45,1.37,1.23
ANDHRA PRADESH,2011,79.98,57.34,68.83,191792.00,44656712.48,43669866.22,88889314.14,64618323.00,24270991.14,1.34,1.23
ARUNACHAL PRADESH,2011,72.59,49.49,61.78,83743.00,669045.52,602852.16,1271897.68,1014246.54,265637.25,1.34,1.23
ASSAM,2011,81.12,62.12,72.02,78438.00,16072217.35,14979748.75,31071923.77,27062856.57,4009067.20,1.34,1.23
BIHAR,2011,67.92,37.66,53.47,94163.00,50303887.43,46306602.96,96750037.92,86629802.16,10120235.77,1.34,1.23
CHHATTISGARH,2011,88.06,59.05,73.61,135191.00,12184226.25,12057287.92,24285631.81,19406373.30,4879258.51,1.34,1.23
GOA,2011,100.58,85.79,92.27,3702.00,799212.80,767464.23,1570955.09,789274.18,781680.91,1.34,1.23
GUJARAT,2011,91.59,66.67,79.64,196024.00,30708842.33,28271264.10,59066396.20,36999705.75,22066690.44,1.34,1.23
HARYANA,2011,89.31,52.00,77.25,44212.00,13204470.23,11371633.73,24647880.95,17519368.63,7128512.32,1.34,1.23
HIMACHAL PRADESH,2011,97.16,76.69,87.04,55673.00,3596433.70,3487717.35,7084911.07,6390651.80,694259.27,1.34,1.23
JAMMU & KASHMIR,2011,75.77,48.92,63.15,42241.00,6178794.56,5559547.05,11824349.27,8890744.50,2933604.77,1.34,1.23
JHARKHAND,2011,76.57,44.26,60.98,79716.00,16157869.48,15210021.47,31410323.02,24423514.75,6986808.27,1.34,1.23
KARNATAKA,2011,86.58,64.74,75.77,191792.00,31306010.61,30165123.00,61607057.03,40669589.21,20937467.83,1.34,1.23
KERALA,2011,107.18,100.01,103.42,38863.00,18031574.86,19082195.40,37116981.73,27480359.13,9636622.60,1.34,1.23
MADHYA PRADESH,2011,86.58,57.23,72.48,308245.00,36668775.05,33721193.72,70346727.72,51734081.51,18612646.21,1.34,1.23
MAHARASHTRA,2011,97.85,76.23,77.25,307713.00,58673855.59,54108695.31,112929870.06,65019113.33,47910756.73,1.34,1.23
MANIPUR,2011,91.36,68.83,80.21,22327.00,1407374.65,1377017.90,2525790.21,1854393.50,671396.71,1.34,1.23
MEGHALAYA,2011,74.41,67.81,71.22,22429.00,1361332.46,1326815.39,2703013.81,2173663.87,529349.95,1.34,1.23
MIZORAM,2011,103.19,98.76,101.03,21081.00,535961.71,502730.39,1038692.10,521721.71,514073.66,1.34,1.23
NAGALAND,2011,81.01,69.97,75.77,16579.00,1214276.75,1103844.51,2319753.22,1920171.88,399581.34,1.34,1.23
ODISHA,2011,85.79,57.46,71.79,155707.00,21696107.83,21092563.26,42902605.04,36471248.72,6431356.32,1.34,1.23
PUNJAB,2011,85.56,72.13,79.30,50362.00,15111184.29,13202460.59,28394896.55,18763419.29,9631477.27,1.34,1.23
RAJASTHAN,2011,86.13,84.08,68.72,342239.00,34249728.86,31580088.58,65869527.63,50465741.49,15403786.14,1.34,1.23
SIKKIM,2011,86.47,68.72,78.28,7096.00,335969.96,294074.11,630461.38,560671.88,69789.50,1.34,1.23
TAMIL NADU,2011,93.75,73.27,83.63,130058.00,36449371.16,35952243.05,72745304.50,40707646.46,32037658.04,1.34,1.23
TRIPURA,2011,92.16,73.27,83.28,10486.00,1907219.97,1812673.66,3729259.90,3093087.83,636172.07,1.34,1.23
UTTAR PRADESH,2011,78.28,48.01,64.06,240928.00,101958071.79,91607097.02,193565168.81,7355786.90,2540111.80,1.34,1.23
UTTARAKHAND,2011,94.78,67.81,81.46,53483.00,5031559.79,4852930.37,193734265.27,153472025.52,40262239.75,1.34,1.23
WEST BENGAL,2011,87.61,67.81,78.05,88752.00,48361543.07,45150996.25,93460113.85,67317025.12,26143088.72,1.34,1.23
A & N ISLANDS,2011,98.19,85.56,92.50,8249.00,224959.54,190332.89,415160.70,279710.55,135450.15,1.34,1.23
CHANDIGARH,2011,97.96,87.04,93.18,114.00,592428.61,457752.47,1049855.85,107382.81,942473.04,1.34,1.23
D & N HAVELI,2011,83.40,48.92,68.27,603.00,141899.88,115076.33,257021.68,198197.76,58823.91,1.34,1.23
DAMAN & DIU,2011,100.58,80.10,92.27,603.00,107800.13,76446.73,184415.88,117566.23,66849.65,1.34,1.23
DELHI,2011,99.33,84.99,92.96,1484.00,8825265.70,7241329.55,16145315.06,1101253.19,15044061.87,1.34,1.23
LAKSHADWEEP,2011,105.24,91.59,98.64,36.00,36273.76,34360.87,70698.74,39263.74,31435.00,1.34,1.23
PUDUCHERRY,2011,100.81,84.08,92.39,479.00,567344.25,567832.68,1135778.42,379693.60,756084.82,1.34,1.23
